Workbook

Sheet Data
A1: Country | B1: Code | C1: POP | D1: GDP_2017USD | E1: INC_2017USD_SSP | F1: INC_2017USD_calc | G1: diff | H1: Elec_Access | I1: Res_Elec_TJ | J1: Res_Elec_kWhCapita
A2: Albania | B2: alb | C2: =VLOOKUP(A2,POP_base!$C$2:$T$201,17,0)*10^6 -> 2883156 | D2: =VLOOKUP(A2,GDP_PPP_base!$C$2:$N$193,11,0)*10^9 -> 35068900000 | E2: =VLOOKUP(A2,INC_PPP_base!$C$2:$N$193,11,0) -> 12166.2 | F2: =D2/C2 -> 12163.372 | G2: =(F2-E2)/E2 -> -0.00023241768 | H2: =VLOOKUP(A2,Elec_Access_base!$A$5:$BH$270,60,0)/100 -> 1 | I2: =11487 -> 11487 | J2: =I2*10^9/3600/C2 -> 1106.7155
A3: Algeria | B3: dza | C3: =VLOOKUP(A3,POP_base!$C$2:$T$201,17,0)*10^6 -> 39146480 | D3: =VLOOKUP(A3,GDP_PPP_base!$C$2:$N$193,11,0)*10^9 -> 456849000000 | E3: =VLOOKUP(A3,INC_PPP_base!$C$2:$N$193,11,0) -> 11553.2 | F3: =D3/C3 -> 11670.245 | G3: =(F3-E3)/E3 -> 0.010130932 | H3: =VLOOKUP(A3,Elec_Access_base!$A$5:$BH$270,60,0)/100 -> 0.994 | I3: =70819 -> 70819 | J3: =I3*10^9/3600/C3 -> 502.52141
A4: Angola | B4: ago | C4: =VLOOKUP(A4,POP_base!$C$2:$T$201,17,0)*10^6 -> 27624320 | D4: =VLOOKUP(A4,GDP_PPP_base!$C$2:$N$193,11,0)*10^9 -> 223908000000 | E4: =VLOOKUP(A4,INC_PPP_base!$C$2:$N$193,11,0) -> 7960.42 | F4: =D4/C4 -> 8105.4665 | G4: =(F4-E4)/E4 -> 0.018220959 | H4: =VLOOKUP(A4,Elec_Access_base!$A$5:$BH$270,60,0)/100 -> 0.42 | I4: =19987 -> 19987 | J4: =I4*10^9/3600/C4 -> 200.98031
A5: Argentina | B5: arg | C5: =VLOOKUP(A5,POP_base!$C$2:$T$201,17,0)*10^6 -> 43042287 | D5: =VLOOKUP(A5,GDP_PPP_base!$C$2:$N$193,11,0)*10^9 -> 867021000000 | E5: =VLOOKUP(A5,INC_PPP_base!$C$2:$N$193,11,0) -> 20043.5 | F5: =D5/C5 -> 20143.47 | G5: =(F5-E5)/E5 -> 0.0049876322 | H5: =VLOOKUP(A5,Elec_Access_base!$A$5:$BH$270,60,0)/100 -> 0.997 | I5: =156099 -> 156099 | J5: =I5*10^9/3600/C5 -> 1007.4008
A6: Armenia | B6: arm | C6: =VLOOKUP(A6,POP_base!$C$2:$T$201,17,0)*10^6 -> 2884958 | D6: =VLOOKUP(A6,GDP_PPP_base!$C$2:$N$193,11,0)*10^9 -> 3.31178e+10 | E6: =VLOOKUP(A6,INC_PPP_base!$C$2:$N$193,11,0) -> 11504.8 | F6: =D6/C6 -> 11479.474 | G6: =(F6-E6)/E6 -> -0.0022013527 | H6: =VLOOKUP(A6,Elec_Access_base!$A$5:$BH$270,60,0)/100 -> 1 | I6: =6757 -> 6757 | J6: =I6*10^9/3600/C6 -> 650.5968
A7: Australia | B7: aus | C7: =VLOOKUP(A7,POP_base!$C$2:$T$201,17,0)*10^6 -> 23641438 | D7: =VLOOKUP(A7,GDP_PPP_base!$C$2:$N$193,11,0)*10^9 -> 1111680000000 | E7: =VLOOKUP(A7,INC_PPP_base!$C$2:$N$193,11,0) -> 46669.7 | F7: =D7/C7 -> 47022.52 | G7: =(F7-E7)/E7 -> 0.0075599452 | H7: =VLOOKUP(A7,Elec_Access_base!$A$5:$BH$270,60,0)/100 -> 1 | I7: =202797 -> 202797 | J7: =I7*10^9/3600/C7 -> 2382.7865
A8: Austria | B8: aut | C8: =VLOOKUP(A8,POP_base!$C$2:$T$201,17,0)*10^6 -> 8584609 | D8: =VLOOKUP(A8,GDP_PPP_base!$C$2:$N$193,11,0)*10^9 -> 431002000000 | E8: =VLOOKUP(A8,INC_PPP_base!$C$2:$N$193,11,0) -> 49870.5 | F8: =D8/C8 -> 50206.364 | G8: =(F8-E8)/E8 -> 0.006734713 | H8: =VLOOKUP(A8,Elec_Access_base!$A$5:$BH$270,60,0)/100 -> 1 | I8: =61975 -> 61975 | J8: =I8*10^9/3600/C8 -> 2005.3654
A9: Bahrain | B9: bhr | C9: =VLOOKUP(A9,POP_base!$C$2:$T$201,17,0)*10^6 -> 1338295 | D9: =VLOOKUP(A9,GDP_PPP_base!$C$2:$N$193,11,0)*10^9 -> 65998700000 | E9: =VLOOKUP(A9,INC_PPP_base!$C$2:$N$193,11,0) -> 48452.1 | F9: =D9/C9 -> 49315.51 | G9: =(F9-E9)/E9 -> 0.01781986 | H9: =VLOOKUP(A9,Elec_Access_base!$A$5:$BH$270,60,0)/100 -> 1 | I9: =27453 -> 27453 | J9: =I9*10^9/3600/C9 -> 5698.1707
A10: Bangladesh | B10: bgd | C10: =VLOOKUP(A10,POP_base!$C$2:$T$201,17,0)*10^6 -> 156916324 | D10: =VLOOKUP(A10,GDP_PPP_base!$C$2:$N$193,11,0)*10^9 -> 730948000000 | E10: =VLOOKUP(A10,INC_PPP_base!$C$2:$N$193,11,0) -> 4631.24 | F10: =D10/C10 -> 4658.2024 | G10: =(F10-E10)/E10 -> 0.0058218574 | H10: =VLOOKUP(A10,Elec_Access_base!$A$5:$BH$270,60,0)/100 -> 0.74 | I10: =60505 -> 60505 | J10: =I10*10^9/3600/C10 -> 107.10769
A11: Belarus | B11: blr | C11: =VLOOKUP(A11,POP_base!$C$2:$T$201,17,0)*10^6 -> 9696501 | D11: =VLOOKUP(A11,GDP_PPP_base!$C$2:$N$193,11,0)*10^9 -> 173734000000 | E11: =VLOOKUP(A11,INC_PPP_base!$C$2:$N$193,11,0) -> 17909.6 | F11: =D11/C11 -> 17917.185 | G11: =(F11-E11)/E11 -> 0.00042350281 | H11: =VLOOKUP(A11,Elec_Access_base!$A$5:$BH$270,60,0)/100 -> 0.974 | I11: =23763 -> 23763 | J11: =I11*10^9/3600/C11 -> 680.74384
A12: Belgium | B12: bel | C12: =VLOOKUP(A12,POP_base!$C$2:$T$201,17,0)*10^6 -> 11214586 | D12: =VLOOKUP(A12,GDP_PPP_base!$C$2:$N$193,11,0)*10^9 -> 520866000000 | E12: =VLOOKUP(A12,INC_PPP_base!$C$2:$N$193,11,0) -> 46306.2 | F12: =D12/C12 -> 46445.406 | G12: =(F12-E12)/E12 -> 0.0030062067 | H12: =VLOOKUP(A12,Elec_Access_base!$A$5:$BH$270,60,0)/100 -> 1 | I12: =65367 -> 65367 | J12: =I12*10^9/3600/C12 -> 1619.0968
A13: Benin | B13: ben | C13: =VLOOKUP(A13,POP_base!$C$2:$T$201,17,0)*10^6 -> 10771657 | D13: =VLOOKUP(A13,GDP_PPP_base!$C$2:$N$193,11,0)*10^9 -> 31156400000 | E13: =VLOOKUP(A13,INC_PPP_base!$C$2:$N$193,11,0) -> 2849.81 | F13: =D13/C13 -> 2892.4426 | G13: =(F13-E13)/E13 -> 0.014959818 | H13: =VLOOKUP(A13,Elec_Access_base!$A$5:$BH$270,60,0)/100 -> 0.296 | I13: =1407 -> 1407 | J13: =I13*10^9/3600/C13 -> 36.283492
A14: Bolivia | B14: bol | C14: =VLOOKUP(A14,POP_base!$C$2:$T$201,17,0)*10^6 -> 11003680 | D14: =VLOOKUP(A14,GDP_PPP_base!$C$2:$N$193,11,0)*10^9 -> 86788900000 | E14: =VLOOKUP(A14,INC_PPP_base!$C$2:$N$193,11,0) -> 7825.8 | F14: =D14/C14 -> 7887.2614 | G14: =(F14-E14)/E14 -> 0.007853683 | H14: =VLOOKUP(A14,Elec_Access_base!$A$5:$BH$270,60,0)/100 -> 0.915 | I14: =10771 -> 10771 | J14: =I14*10^9/3600/C14 -> 271.90399
A15: Bosnia and Herzegovina | B15: bih | C15: =VLOOKUP(A15,POP_base!$C$2:$T$201,17,0)*10^6 -> 3546921 | D15: =VLOOKUP(A15,GDP_PPP_base!$C$2:$N$193,11,0)*10^9 -> 44116800000 | E15: =VLOOKUP(A15,INC_PPP_base!$C$2:$N$193,11,0) -> 12517.8 | F15: =D15/C15 -> 12438.055 | G15: =(F15-E15)/E15 -> -0.0063704941 | H15: =VLOOKUP(A15,Elec_Access_base!$A$5:$BH$270,60,0)/100 -> 0.997 | I15: =17013 -> 17013 | J15: =I15*10^9/3600/C15 -> 1332.3763
A16: Botswana | B16: bwa | C16: =VLOOKUP(A16,POP_base!$C$2:$T$201,17,0)*10^6 -> 2282237 | D16: =VLOOKUP(A16,GDP_PPP_base!$C$2:$N$193,11,0)*10^9 -> 31540800000 | E16: =VLOOKUP(A16,INC_PPP_base!$C$2:$N$193,11,0) -> 13682.6 | F16: =D16/C16 -> 13820.125 | G16: =(F16-E16)/E16 -> 0.010051067 | H16: =VLOOKUP(A16,Elec_Access_base!$A$5:$BH$270,60,0)/100 -> 0.621 | I16: =3387 -> 3387 | J16: =I16*10^9/3600/C16 -> 412.24173
A17: Brazil | B17: bra | C17: =VLOOKUP(A17,POP_base!$C$2:$T$201,17,0)*10^6 -> 204334810 | D17: =VLOOKUP(A17,GDP_PPP_base!$C$2:$N$193,11,0)*10^9 -> 3016140000000 | E17: =VLOOKUP(A17,INC_PPP_base!$C$2:$N$193,11,0) -> 14699.4 | F17: =D17/C17 -> 14760.774 | G17: =(F17-E17)/E17 -> 0.0041752889 | H17: =VLOOKUP(A17,Elec_Access_base!$A$5:$BH$270,60,0)/100 -> 0.997 | I17: =472312 -> 472312 | J17: =I17*10^9/3600/C17 -> 642.07258
A18: Brunei Darussalam | B18: brn | C18: =VLOOKUP(A18,POP_base!$C$2:$T$201,17,0)*10^6 -> 419093 | D18: =VLOOKUP(A18,GDP_PPP_base!$C$2:$N$193,11,0)*10^9 -> 26196700000 | E18: =VLOOKUP(A18,INC_PPP_base!$C$2:$N$193,11,0) -> 62160.1 | F18: =D18/C18 -> 62508.083 | G18: =(F18-E18)/E18 -> 0.005598172 | H18: =VLOOKUP(A18,Elec_Access_base!$A$5:$BH$270,60,0)/100 -> 1 | I18: =4820 -> 4820 | J18: =I18*10^9/3600/C18 -> 3194.7298
A19: Bulgaria | B19: bgr | C19: =VLOOKUP(A19,POP_base!$C$2:$T$201,17,0)*10^6 -> 7341383 | D19: =VLOOKUP(A19,GDP_PPP_base!$C$2:$N$193,11,0)*10^9 -> 143928000000 | E19: =VLOOKUP(A19,INC_PPP_base!$C$2:$N$193,11,0) -> 19691.2 | F19: =D19/C19 -> 19605.025 | G19: =(F19-E19)/E19 -> -0.0043763014 | H19: =VLOOKUP(A19,Elec_Access_base!$A$5:$BH$270,60,0)/100 -> 0.966 | I19: =38318 -> 38318 | J19: =I19*10^9/3600/C19 -> 1449.8479
A20: Cambodia | B20: khm | C20: =VLOOKUP(A20,POP_base!$C$2:$T$201,17,0)*10^6 -> 15315991 | D20: =VLOOKUP(A20,GDP_PPP_base!$C$2:$N$193,11,0)*10^9 -> 55003400000 | E20: =VLOOKUP(A20,INC_PPP_base!$C$2:$N$193,11,0) -> 3567.59 | F20: =D20/C20 -> 3591.24 | G20: =(F20-E20)/E20 -> 0.0066291338 | H20: =VLOOKUP(A20,Elec_Access_base!$A$5:$BH$270,60,0)/100 -> 0.627 | I20: =5486 -> 5486 | J20: =I20*10^9/3600/C20 -> 99.496591
A21: Cameroon | B21: cmr | C21: =VLOOKUP(A21,POP_base!$C$2:$T$201,17,0)*10^6 -> 22662456 | D21: =VLOOKUP(A21,GDP_PPP_base!$C$2:$N$193,11,0)*10^9 -> 83230700000 | E21: =VLOOKUP(A21,INC_PPP_base!$C$2:$N$193,11,0) -> 3616.74 | F21: =D21/C21 -> 3672.6249 | G21: =(F21-E21)/E21 -> 0.01545173 | H21: =VLOOKUP(A21,Elec_Access_base!$A$5:$BH$270,60,0)/100 -> 0.586 | I21: =4690 -> 4690 | J21: =I21*10^9/3600/C21 -> 57.486169
A22: Canada | B22: can | C22: =VLOOKUP(A22,POP_base!$C$2:$T$201,17,0)*10^6 -> 35562312 | D22: =VLOOKUP(A22,GDP_PPP_base!$C$2:$N$193,11,0)*10^9 -> 1594850000000 | E22: =VLOOKUP(A22,INC_PPP_base!$C$2:$N$193,11,0) -> 44633.5 | F22: =D22/C22 -> 44846.634 | G22: =(F22-E22)/E22 -> 0.0047752085 | H22: =VLOOKUP(A22,Elec_Access_base!$A$5:$BH$270,60,0)/100 -> 1 | I22: =613400 -> 613400 | J22: =I22*10^9/3600/C22 -> 4791.277
A23: Chile | B23: chl | C23: =VLOOKUP(A23,POP_base!$C$2:$T$201,17,0)*10^6 -> 17779025 | D23: =VLOOKUP(A23,GDP_PPP_base!$C$2:$N$193,11,0)*10^9 -> 405421000000 | E23: =VLOOKUP(A23,INC_PPP_base!$C$2:$N$193,11,0) -> 22687.1 | F23: =D23/C23 -> 22803.331 | G23: =(F23-E23)/E23 -> 0.0051232398 | H23: =VLOOKUP(A23,Elec_Access_base!$A$5:$BH$270,60,0)/100 -> 0.997 | I23: =42318 -> 42318 | J23: =I23*10^9/3600/C23 -> 661.17236
A24: Colombia | B24: col | C24: =VLOOKUP(A24,POP_base!$C$2:$T$201,17,0)*10^6 -> 46894748 | D24: =VLOOKUP(A24,GDP_PPP_base!$C$2:$N$193,11,0)*10^9 -> 624056000000 | E24: =VLOOKUP(A24,INC_PPP_base!$C$2:$N$193,11,0) -> 13244 | F24: =D24/C24 -> 13307.588 | G24: =(F24-E24)/E24 -> 0.0048012914 | H24: =VLOOKUP(A24,Elec_Access_base!$A$5:$BH$270,60,0)/100 -> 0.982 | I24: =80557 -> 80557 | J24: =I24*10^9/3600/C24 -> 477.17379
A25: Democratic Republic of the Congo | B25: cod | C25: =VLOOKUP(A25,POP_base!$C$2:$T$201,17,0)*10^6 -> 77325521 | D25: =VLOOKUP(A25,GDP_PPP_base!$C$2:$N$193,11,0)*10^9 -> 86126600000 | E25: =VLOOKUP(A25,INC_PPP_base!$C$2:$N$193,11,0) -> 1094.97 | F25: =D25/C25 -> 1113.8186 | G25: =(F25-E25)/E25 -> 0.017213763 | H25: =VLOOKUP(A25,Elec_Access_base!$A$5:$BH$270,60,0)/100 -> 0.166 | I25: =9115 -> 9115 | J25: =I25*10^9/3600/C25 -> 32.743969
A26: Congo | B26: cog | C26: =VLOOKUP(A26,POP_base!$C$2:$T$201,17,0)*10^6 -> 5003857 | D26: =VLOOKUP(A26,GDP_PPP_base!$C$2:$N$193,11,0)*10^9 -> 25738300000 | E26: =VLOOKUP(A26,INC_PPP_base!$C$2:$N$193,11,0) -> 5082.22 | F26: =D26/C26 -> 5143.6922 | G26: =(F26-E26)/E26 -> 0.012095532 | H26: =VLOOKUP(A26,Elec_Access_base!$A$5:$BH$270,60,0)/100 -> 0.443 | I26: =2318 -> 2318 | J26: =I26*10^9/3600/C26 -> 128.67852
A27: Costa Rica | B27: cri | C27: =VLOOKUP(A27,POP_base!$C$2:$T$201,17,0)*10^6 -> 4869993 | D27: =VLOOKUP(A27,GDP_PPP_base!$C$2:$N$193,11,0)*10^9 -> 85241800000 | E27: =VLOOKUP(A27,INC_PPP_base!$C$2:$N$193,11,0) -> 17413.2 | F27: =D27/C27 -> 17503.475 | G27: =(F27-E27)/E27 -> 0.0051842769 | H27: =VLOOKUP(A27,Elec_Access_base!$A$5:$BH$270,60,0)/100 -> 0.994 | I27: =12992 -> 12992 | J27: =I27*10^9/3600/C27 -> 741.04601
A28: Cote d'Ivoire | B28: civ | C28: =VLOOKUP(A28,POP_base!$C$2:$T$201,17,0)*10^6 -> 23291821 | D28: =VLOOKUP(A28,GDP_PPP_base!$C$2:$N$193,11,0)*10^9 -> 104388000000 | E28: =VLOOKUP(A28,INC_PPP_base!$C$2:$N$193,11,0) -> 4423.82 | F28: =D28/C28 -> 4481.7449 | G28: =(F28-E28)/E28 -> 0.013093865 | H28: =VLOOKUP(A28,Elec_Access_base!$A$5:$BH$270,60,0)/100 -> 0.626 | I28: =6854 -> 6854 | J28: =I28*10^9/3600/C28 -> 81.740663
A29: Croatia | B29: hrv | C29: =VLOOKUP(A29,POP_base!$C$2:$T$201,17,0)*10^6 -> 4270955 | D29: =VLOOKUP(A29,GDP_PPP_base!$C$2:$N$193,11,0)*10^9 -> 104702000000 | E29: =VLOOKUP(A29,INC_PPP_base!$C$2:$N$193,11,0) -> 24607.9 | F29: =D29/C29 -> 24514.892 | G29: =(F29-E29)/E29 -> -0.0037796046 | H29: =VLOOKUP(A29,Elec_Access_base!$A$5:$BH$270,60,0)/100 -> 1 | I29: =22327 -> 22327 | J29: =I29*10^9/3600/C29 -> 1452.1212
A30: Cyprus | B30: cyp | C30: =VLOOKUP(A30,POP_base!$C$2:$T$201,17,0)*10^6 -> 1182076 | D30: =VLOOKUP(A30,GDP_PPP_base!$C$2:$N$193,11,0)*10^9 -> 29313800000 | E30: =VLOOKUP(A30,INC_PPP_base!$C$2:$N$193,11,0) -> 24689.8 | F30: =D30/C30 -> 24798.575 | G30: =(F30-E30)/E30 -> 0.0044056538 | H30: =VLOOKUP(A30,Elec_Access_base!$A$5:$BH$270,60,0)/100 -> 1 | I30: =5454 -> 5454 | J30: =I30*10^9/3600/C30 -> 1281.6435
A31: Czechia | B31: cze | C31: =VLOOKUP(A31,POP_base!$C$2:$T$201,17,0)*10^6 -> 10521669 | D31: =VLOOKUP(A31,GDP_PPP_base!$C$2:$N$193,11,0)*10^9 -> 357651000000 | E31: =VLOOKUP(A31,INC_PPP_base!$C$2:$N$193,11,0) -> 33985 | F31: =D31/C31 -> 33991.851 | G31: =(F31-E31)/E31 -> 0.00020157518 | H31: =VLOOKUP(A31,Elec_Access_base!$A$5:$BH$270,60,0)/100 -> 1 | I31: =51775 -> 51775 | J31: =I31*10^9/3600/C31 -> 1366.8881
A32: Denmark | B32: dnk | C32: =VLOOKUP(A32,POP_base!$C$2:$T$201,17,0)*10^6 -> 5664053 | D32: =VLOOKUP(A32,GDP_PPP_base!$C$2:$N$193,11,0)*10^9 -> 278749000000 | E32: =VLOOKUP(A32,INC_PPP_base!$C$2:$N$193,11,0) -> 49094.5 | F32: =D32/C32 -> 49213.699 | G32: =(F32-E32)/E32 -> 0.0024279521 | H32: =VLOOKUP(A32,Elec_Access_base!$A$5:$BH$270,60,0)/100 -> 1 | I32: =36635 -> 36635 | J32: =I32*10^9/3600/C32 -> 1796.662
A33: Dominican Republic | B33: dom | C33: =VLOOKUP(A33,POP_base!$C$2:$T$201,17,0)*10^6 -> 10344326 | D33: =VLOOKUP(A33,GDP_PPP_base!$C$2:$N$193,11,0)*10^9 -> 157602000000 | E33: =VLOOKUP(A33,INC_PPP_base!$C$2:$N$193,11,0) -> 15145.5 | F33: =D33/C33 -> 15235.599 | G33: =(F33-E33)/E33 -> 0.0059488774 | H33: =VLOOKUP(A33,Elec_Access_base!$A$5:$BH$270,60,0)/100 -> 0.986 | I33: =19378 -> 19378 | J33: =I33*10^9/3600/C33 -> 520.36042
A34: Ecuador | B34: ecu | C34: =VLOOKUP(A34,POP_base!$C$2:$T$201,17,0)*10^6 -> 16075497 | D34: =VLOOKUP(A34,GDP_PPP_base!$C$2:$N$193,11,0)*10^9 -> 192865000000 | E34: =VLOOKUP(A34,INC_PPP_base!$C$2:$N$193,11,0) -> 11908.2 | F34: =D34/C34 -> 11997.452 | G34: =(F34-E34)/E34 -> 0.0074949845 | H34: =VLOOKUP(A34,Elec_Access_base!$A$5:$BH$270,60,0)/100 -> 0.988 | I34: =24940 -> 24940 | J34: =I34*10^9/3600/C34 -> 430.95263
A35: Egypt | B35: egy | C35: =VLOOKUP(A35,POP_base!$C$2:$T$201,17,0)*10^6 -> 96675401 | D35: =VLOOKUP(A35,GDP_PPP_base!$C$2:$N$193,11,0)*10^9 -> 1029480000000 | E35: =VLOOKUP(A35,INC_PPP_base!$C$2:$N$193,11,0) -> 10534.6 | F35: =D35/C35 -> 10648.831 | G35: =(F35-E35)/E35 -> 0.010843404 | H35: =VLOOKUP(A35,Elec_Access_base!$A$5:$BH$270,60,0)/100 -> 0.993 | I35: =264099 -> 264099 | J35: =I35*10^9/3600/C35 -> 758.83661
A36: El Salvador | B36: slv | C36: =VLOOKUP(A36,POP_base!$C$2:$T$201,17,0)*10^6 -> 6221248 | D36: =VLOOKUP(A36,GDP_PPP_base!$C$2:$N$193,11,0)*10^9 -> 51516600000 | E36: =VLOOKUP(A36,INC_PPP_base!$C$2:$N$193,11,0) -> 8267.69 | F36: =D36/C36 -> 8280.7501 | G36: =(F36-E36)/E36 -> 0.0015796553 | H36: =VLOOKUP(A36,Elec_Access_base!$A$5:$BH$270,60,0)/100 -> 0.954 | I36: =6573 -> 6573 | J36: =I36*10^9/3600/C36 -> 293.48345
A37: Estonia | B37: est | C37: =VLOOKUP(A37,POP_base!$C$2:$T$201,17,0)*10^6 -> 1313255 | D37: =VLOOKUP(A37,GDP_PPP_base!$C$2:$N$193,11,0)*10^9 -> 38356000000 | E37: =VLOOKUP(A37,INC_PPP_base!$C$2:$N$193,11,0) -> 29175.7 | F37: =D37/C37 -> 29206.818 | G37: =(F37-E37)/E37 -> 0.0010665785 | H37: =VLOOKUP(A37,Elec_Access_base!$A$5:$BH$270,60,0)/100 -> 1 | I37: =6220 -> 6220 | J37: =I37*10^9/3600/C37 -> 1315.6453
A38: Ethiopia | B38: eth | C38: =VLOOKUP(A38,POP_base!$C$2:$T$201,17,0)*10^6 -> 101097184 | D38: =VLOOKUP(A38,GDP_PPP_base!$C$2:$N$193,11,0)*10^9 -> 180711000000 | E38: =VLOOKUP(A38,INC_PPP_base!$C$2:$N$193,11,0) -> 1763.52 | F38: =D38/C38 -> 1787.4979 | G38: =(F38-E38)/E38 -> 0.013596591 | H38: =VLOOKUP(A38,Elec_Access_base!$A$5:$BH$270,60,0)/100 -> 0.29 | I38: =12240 -> 12240 | J38: =I38*10^9/3600/C38 -> 33.631006
A39: Finland | B39: fin | C39: =VLOOKUP(A39,POP_base!$C$2:$T$201,17,0)*10^6 -> 5471699 | D39: =VLOOKUP(A39,GDP_PPP_base!$C$2:$N$193,11,0)*10^9 -> 232865000000 | E39: =VLOOKUP(A39,INC_PPP_base!$C$2:$N$193,11,0) -> 42497.7 | F39: =D39/C39 -> 42558.079 | G39: =(F39-E39)/E39 -> 0.0014207665 | H39: =VLOOKUP(A39,Elec_Access_base!$A$5:$BH$270,60,0)/100 -> 1 | I39: =75304 -> 75304 | J39: =I39*10^9/3600/C39 -> 3822.9036
A40: France | B40: fra | C40: =VLOOKUP(A40,POP_base!$C$2:$T$201,17,0)*10^6 -> 63715216 | D40: =VLOOKUP(A40,GDP_PPP_base!$C$2:$N$193,11,0)*10^9 -> 2719940000000 | E40: =VLOOKUP(A40,INC_PPP_base!$C$2:$N$193,11,0) -> 42625.7 | F40: =D40/C40 -> 42689.018 | G40: =(F40-E40)/E40 -> 0.0014854409 | H40: =VLOOKUP(A40,Elec_Access_base!$A$5:$BH$270,60,0)/100 -> 1 | I40: =566286 -> 566286 | J40: =I40*10^9/3600/C40 -> 2468.8242
A41: Gabon | B41: gab | C41: =VLOOKUP(A41,POP_base!$C$2:$T$201,17,0)*10^6 -> 1998607 | D41: =VLOOKUP(A41,GDP_PPP_base!$C$2:$N$193,11,0)*10^9 -> 30209400000 | E41: =VLOOKUP(A41,INC_PPP_base!$C$2:$N$193,11,0) -> 14892.3 | F41: =D41/C41 -> 15115.228 | G41: =(F41-E41)/E41 -> 0.01496933 | H41: =VLOOKUP(A41,Elec_Access_base!$A$5:$BH$270,60,0)/100 -> 0.873 | I41: =3398 -> 3398 | J41: =I41*10^9/3600/C41 -> 472.27338
A42: Georgia | B42: geo | C42: =VLOOKUP(A42,POP_base!$C$2:$T$201,17,0)*10^6 -> 3771632 | D42: =VLOOKUP(A42,GDP_PPP_base!$C$2:$N$193,11,0)*10^9 -> 46957300000 | E42: =VLOOKUP(A42,INC_PPP_base!$C$2:$N$193,11,0) -> 12451.8 | F42: =D42/C42 -> 12450.128 | G42: =(F42-E42)/E42 -> -0.00013430266 | H42: =VLOOKUP(A42,Elec_Access_base!$A$5:$BH$270,60,0)/100 -> 1 | I42: =8863 -> 8863 | J42: =I42*10^9/3600/C42 -> 652.75309
A43: Germany | B43: deu | C43: =VLOOKUP(A43,POP_base!$C$2:$T$201,17,0)*10^6 -> 81967591 | D43: =VLOOKUP(A43,GDP_PPP_base!$C$2:$N$193,11,0)*10^9 -> 3885630000000 | E43: =VLOOKUP(A43,INC_PPP_base!$C$2:$N$193,11,0) -> 47343.5 | F43: =D43/C43 -> 47404.467 | G43: =(F43-E43)/E43 -> 0.0012877682 | H43: =VLOOKUP(A43,Elec_Access_base!$A$5:$BH$270,60,0)/100 -> 1 | I43: =463320 -> 463320 | J43: =I43*10^9/3600/C43 -> 1570.1328
A44: Ghana | B44: gha | C44: =VLOOKUP(A44,POP_base!$C$2:$T$201,17,0)*10^6 -> 28531849 | D44: =VLOOKUP(A44,GDP_PPP_base!$C$2:$N$193,11,0)*10^9 -> 133286000000 | E44: =VLOOKUP(A44,INC_PPP_base!$C$2:$N$193,11,0) -> 4616.62 | F44: =D44/C44 -> 4671.4813 | G44: =(F44-E44)/E44 -> 0.011883441 | H44: =VLOOKUP(A44,Elec_Access_base!$A$5:$BH$270,60,0)/100 -> 0.74 | I44: =8769 -> 8769 | J44: =I44*10^9/3600/C44 -> 85.372432
A45: Greece | B45: grc | C45: =VLOOKUP(A45,POP_base!$C$2:$T$201,17,0)*10^6 -> 10836416 | D45: =VLOOKUP(A45,GDP_PPP_base!$C$2:$N$193,11,0)*10^9 -> 289575000000 | E45: =VLOOKUP(A45,INC_PPP_base!$C$2:$N$193,11,0) -> 26796 | F45: =D45/C45 -> 26722.396 | G45: =(F45-E45)/E45 -> -0.0027468264 | H45: =VLOOKUP(A45,Elec_Access_base!$A$5:$BH$270,60,0)/100 -> 1 | I45: =63136 -> 63136 | J45: =I45*10^9/3600/C45 -> 1618.4113
A46: Guatemala | B46: gtm | C46: =VLOOKUP(A46,POP_base!$C$2:$T$201,17,0)*10^6 -> 15858805 | D46: =VLOOKUP(A46,GDP_PPP_base!$C$2:$N$193,11,0)*10^9 -> 126496000000 | E46: =VLOOKUP(A46,INC_PPP_base!$C$2:$N$193,11,0) -> 7905.43 | F46: =D46/C46 -> 7976.3891 | G46: =(F46-E46)/E46 -> 0.0089760002 | H46: =VLOOKUP(A46,Elec_Access_base!$A$5:$BH$270,60,0)/100 -> 0.905 | I46: =12247 -> 12247 | J46: =I46*10^9/3600/C46 -> 214.51455
A47: Haiti | B47: hti | C47: =VLOOKUP(A47,POP_base!$C$2:$T$201,17,0)*10^6 -> 10488430 | D47: =VLOOKUP(A47,GDP_PPP_base!$C$2:$N$193,11,0)*10^9 -> 33181500000 | E47: =VLOOKUP(A47,INC_PPP_base!$C$2:$N$193,11,0) -> 3141.07 | F47: =D47/C47 -> 3163.6289 | G47: =(F47-E47)/E47 -> 0.0071819077 | H47: =VLOOKUP(A47,Elec_Access_base!$A$5:$BH$270,60,0)/100 -> 0.408 | I47: =2311 -> 2311 | J47: =I47*10^9/3600/C47 -> 61.205008
A48: Honduras | B48: hnd | C48: =VLOOKUP(A48,POP_base!$C$2:$T$201,17,0)*10^6 -> 9211268 | D48: =VLOOKUP(A48,GDP_PPP_base!$C$2:$N$193,11,0)*10^9 -> 48147100000 | E48: =VLOOKUP(A48,INC_PPP_base!$C$2:$N$193,11,0) -> 5180.17 | F48: =D48/C48 -> 5226.9785 | G48: =(F48-E48)/E48 -> 0.0090360977 | H48: =VLOOKUP(A48,Elec_Access_base!$A$5:$BH$270,60,0)/100 -> 0.9 | I48: =8308 -> 8308 | J48: =I48*10^9/3600/C48 -> 250.53856
A49: Hungary | B49: hun | C49: =VLOOKUP(A49,POP_base!$C$2:$T$201,17,0)*10^6 -> 9856921 | D49: =VLOOKUP(A49,GDP_PPP_base!$C$2:$N$193,11,0)*10^9 -> 263752000000 | E49: =VLOOKUP(A49,INC_PPP_base!$C$2:$N$193,11,0) -> 26792.5 | F49: =D49/C49 -> 26758.052 | G49: =(F49-E49)/E49 -> -0.0012857507 | H49: =VLOOKUP(A49,Elec_Access_base!$A$5:$BH$270,60,0)/100 -> 1 | I49: =39020 -> 39020 | J49: =I49*10^9/3600/C49 -> 1099.6222
A50: India | B50: ind | C50: =VLOOKUP(A50,POP_base!$C$2:$T$201,17,0)*10^6 -> 1.3151028e+09 | D50: =VLOOKUP(A50,GDP_PPP_base!$C$2:$N$193,11,0)*10^9 -> 6962100000000 | E50: =VLOOKUP(A50,INC_PPP_base!$C$2:$N$193,11,0) -> 5262.89 | F50: =D50/C50 -> 5293.9588 | G50: =(F50-E50)/E50 -> 0.0059033742 | H50: =VLOOKUP(A50,Elec_Access_base!$A$5:$BH$270,60,0)/100 -> 0.88 | I50: =884966 -> 884966 | J50: =I50*10^9/3600/C50 -> 186.92371
A51: Indonesia | B51: idn | C51: =VLOOKUP(A51,POP_base!$C$2:$T$201,17,0)*10^6 -> 257687503 | D51: =VLOOKUP(A51,GDP_PPP_base!$C$2:$N$193,11,0)*10^9 -> 2647400000000 | E51: =VLOOKUP(A51,INC_PPP_base!$C$2:$N$193,11,0) -> 10218 | F51: =D51/C51 -> 10273.684 | G51: =(F51-E51)/E51 -> 0.0054496076 | H51: =VLOOKUP(A51,Elec_Access_base!$A$5:$BH$270,60,0)/100 -> 0.975 | I51: =310669 -> 310669 | J51: =I51*10^9/3600/C51 -> 334.88991
A52: Iran | B52: irn | C52: =VLOOKUP(A52,POP_base!$C$2:$T$201,17,0)*10^6 -> 80882491 | D52: =VLOOKUP(A52,GDP_PPP_base!$C$2:$N$193,11,0)*10^9 -> 1145960000000 | E52: =VLOOKUP(A52,INC_PPP_base!$C$2:$N$193,11,0) -> 14010.9 | F52: =D52/C52 -> 14168.209 | G52: =(F52-E52)/E52 -> 0.011227583 | H52: =VLOOKUP(A52,Elec_Access_base!$A$5:$BH$270,60,0)/100 -> 1 | I52: =273974 -> 273974 | J52: =I52*10^9/3600/C52 -> 940.9192
A53: Iraq | B53: irq | C53: =VLOOKUP(A53,POP_base!$C$2:$T$201,17,0)*10^6 -> 37264753 | D53: =VLOOKUP(A53,GDP_PPP_base!$C$2:$N$193,11,0)*10^9 -> 364322000000 | E53: =VLOOKUP(A53,INC_PPP_base!$C$2:$N$193,11,0) -> 9648.91 | F53: =D53/C53 -> 9776.5843 | G53: =(F53-E53)/E53 -> 0.013231994 | H53: =VLOOKUP(A53,Elec_Access_base!$A$5:$BH$270,60,0)/100 -> 0.994 | I53: =73051 -> 73051 | J53: =I53*10^9/3600/C53 -> 544.53452
A54: Ireland | B54: irl | C54: =VLOOKUP(A54,POP_base!$C$2:$T$201,17,0)*10^6 -> 4641602 | D54: =VLOOKUP(A54,GDP_PPP_base!$C$2:$N$193,11,0)*10^9 -> 325448000000 | E54: =VLOOKUP(A54,INC_PPP_base!$C$2:$N$193,11,0) -> 69752.3 | F54: =D54/C54 -> 70115.447 | G54: =(F54-E54)/E54 -> 0.0052062399 | H54: =VLOOKUP(A54,Elec_Access_base!$A$5:$BH$270,60,0)/100 -> 1 | I54: =28370 -> 28370 | J54: =I54*10^9/3600/C54 -> 1697.8094
A55: Israel | B55: isr | C55: =VLOOKUP(A55,POP_base!$C$2:$T$201,17,0)*10^6 -> 7933331 | D55: =VLOOKUP(A55,GDP_PPP_base!$C$2:$N$193,11,0)*10^9 -> 299856000000 | E55: =VLOOKUP(A55,INC_PPP_base!$C$2:$N$193,11,0) -> 37445.6 | F55: =D55/C55 -> 37796.986 | G55: =(F55-E55)/E55 -> 0.0093839038 | H55: =VLOOKUP(A55,Elec_Access_base!$A$5:$BH$270,60,0)/100 -> 1 | I55: =63374 -> 63374 | J55: =I55*10^9/3600/C55 -> 2218.9782
A56: Italy | B56: ita | C56: =VLOOKUP(A56,POP_base!$C$2:$T$201,17,0)*10^6 -> 60297738 | D56: =VLOOKUP(A56,GDP_PPP_base!$C$2:$N$193,11,0)*10^9 -> 2239310000000 | E56: =VLOOKUP(A56,INC_PPP_base!$C$2:$N$193,11,0) -> 37177.4 | F56: =D56/C56 -> 37137.546 | G56: =(F56-E56)/E56 -> -0.0010720037 | H56: =VLOOKUP(A56,Elec_Access_base!$A$5:$BH$270,60,0)/100 -> 1 | I56: =238273 -> 238273 | J56: =I56*10^9/3600/C56 -> 1097.6688
A57: Japan | B57: jpn | C57: =VLOOKUP(A57,POP_base!$C$2:$T$201,17,0)*10^6 -> 127367946 | D57: =VLOOKUP(A57,GDP_PPP_base!$C$2:$N$193,11,0)*10^9 -> 5199910000000 | E57: =VLOOKUP(A57,INC_PPP_base!$C$2:$N$193,11,0) -> 40863.4 | F57: =D57/C57 -> 40825.892 | G57: =(F57-E57)/E57 -> -0.00091788887 | H57: =VLOOKUP(A57,Elec_Access_base!$A$5:$BH$270,60,0)/100 -> 1 | I57: =963879 -> 963879 | J57: =I57*10^9/3600/C57 -> 2102.1315
A58: Kazakhstan | B58: kaz | C58: =VLOOKUP(A58,POP_base!$C$2:$T$201,17,0)*10^6 -> 17715601 | D58: =VLOOKUP(A58,GDP_PPP_base!$C$2:$N$193,11,0)*10^9 -> 427787000000 | E58: =VLOOKUP(A58,INC_PPP_base!$C$2:$N$193,11,0) -> 23984.6 | F58: =D58/C58 -> 24147.473 | G58: =(F58-E58)/E58 -> 0.0067907399 | H58: =VLOOKUP(A58,Elec_Access_base!$A$5:$BH$270,60,0)/100 -> 1 | I58: =43366 -> 43366 | J58: =I58*10^9/3600/C58 -> 679.97191
A59: Kenya | B59: ken | C59: =VLOOKUP(A59,POP_base!$C$2:$T$201,17,0)*10^6 -> 46345992 | D59: =VLOOKUP(A59,GDP_PPP_base!$C$2:$N$193,11,0)*10^9 -> 195128000000 | E59: =VLOOKUP(A59,INC_PPP_base!$C$2:$N$193,11,0) -> 4164.82 | F59: =D59/C59 -> 4210.2454 | G59: =(F59-E59)/E59 -> 0.010906932 | H59: =VLOOKUP(A59,Elec_Access_base!$A$5:$BH$270,60,0)/100 -> 0.416 | I59: =9601 -> 9601 | J59: =I59*10^9/3600/C59 -> 57.54423
A60: South Korea | B60: kor | C60: =VLOOKUP(A60,POP_base!$C$2:$T$201,17,0)*10^6 -> 50787842 | D60: =VLOOKUP(A60,GDP_PPP_base!$C$2:$N$193,11,0)*10^9 -> 1933580000000 | E60: =VLOOKUP(A60,INC_PPP_base!$C$2:$N$193,11,0) -> 37917.5 | F60: =D60/C60 -> 38071.71 | G60: =(F60-E60)/E60 -> 0.0040669916 | H60: =VLOOKUP(A60,Elec_Access_base!$A$5:$BH$270,60,0)/100 -> 1 | I60: =229687 -> 229687 | J60: =I60*10^9/3600/C60 -> 1256.2444
A61: Kuwait | B61: kwt | C61: =VLOOKUP(A61,POP_base!$C$2:$T$201,17,0)*10^6 -> 3750592 | D61: =VLOOKUP(A61,GDP_PPP_base!$C$2:$N$193,11,0)*10^9 -> 210319000000 | E61: =VLOOKUP(A61,INC_PPP_base!$C$2:$N$193,11,0) -> 53807.3 | F61: =D61/C61 -> 56076.214 | G61: =(F61-E61)/E61 -> 0.042167403 | H61: =VLOOKUP(A61,Elec_Access_base!$A$5:$BH$270,60,0)/100 -> 1 | I61: =87667 -> 87667 | J61: =I61*10^9/3600/C61 -> 6492.8269
A62: Kyrgyzstan | B62: kgz | C62: =VLOOKUP(A62,POP_base!$C$2:$T$201,17,0)*10^6 -> 5863851 | D62: =VLOOKUP(A62,GDP_PPP_base!$C$2:$N$193,11,0)*10^9 -> 28623300000 | E62: =VLOOKUP(A62,INC_PPP_base!$C$2:$N$193,11,0) -> 4839.12 | F62: =D62/C62 -> 4881.3143 | G62: =(F62-E62)/E62 -> 0.0087194251 | H62: =VLOOKUP(A62,Elec_Access_base!$A$5:$BH$270,60,0)/100 -> 0.987 | I62: =24894 -> 24894 | J62: =I62*10^9/3600/C62 -> 1179.2592
A63: Latvia | B63: lva | C63: =VLOOKUP(A63,POP_base!$C$2:$T$201,17,0)*10^6 -> 2001288 | D63: =VLOOKUP(A63,GDP_PPP_base!$C$2:$N$193,11,0)*10^9 -> 49383700000 | E63: =VLOOKUP(A63,INC_PPP_base!$C$2:$N$193,11,0) -> 24791.6 | F63: =D63/C63 -> 24675.959 | G63: =(F63-E63)/E63 -> -0.0046645363 | H63: =VLOOKUP(A63,Elec_Access_base!$A$5:$BH$270,60,0)/100 -> 1 | I63: =6332 -> 6332 | J63: =I63*10^9/3600/C63 -> 878.87845
A64: Lebanon | B64: lbn | C64: =VLOOKUP(A64,POP_base!$C$2:$T$201,17,0)*10^6 -> 6466756 | D64: =VLOOKUP(A64,GDP_PPP_base!$C$2:$N$193,11,0)*10^9 -> 106168000000 | E64: =VLOOKUP(A64,INC_PPP_base!$C$2:$N$193,11,0) -> 16591.6 | F64: =D64/C64 -> 16417.505 | G64: =(F64-E64)/E64 -> -0.010492951 | H64: =VLOOKUP(A64,Elec_Access_base!$A$5:$BH$270,60,0)/100 -> 0.997 | I64: =23382 -> 23382 | J64: =I64*10^9/3600/C64 -> 1004.3676
A65: Libya | B65: lby | C65: =VLOOKUP(A65,POP_base!$C$2:$T$201,17,0)*10^6 -> 6147163 | D65: =VLOOKUP(A65,GDP_PPP_base!$C$2:$N$193,11,0)*10^9 -> 118327000000 | E65: =VLOOKUP(A65,INC_PPP_base!$C$2:$N$193,11,0) -> 19108.9 | F65: =D65/C65 -> 19249.042 | G65: =(F65-E65)/E65 -> 0.0073338706 | H65: =VLOOKUP(A65,Elec_Access_base!$A$5:$BH$270,60,0)/100 -> 0.738 | I65: =24894 -> 24894 | J65: =I65*10^9/3600/C65 -> 1124.9092
A66: Lithuania | B66: ltu | C66: =VLOOKUP(A66,POP_base!$C$2:$T$201,17,0)*10^6 -> 2979093 | D66: =VLOOKUP(A66,GDP_PPP_base!$C$2:$N$193,11,0)*10^9 -> 83760000000 | E66: =VLOOKUP(A66,INC_PPP_base!$C$2:$N$193,11,0) -> 28261.4 | F66: =D66/C66 -> 28115.94 | G66: =(F66-E66)/E66 -> -0.0051469501 | H66: =VLOOKUP(A66,Elec_Access_base!$A$5:$BH$270,60,0)/100 -> 1 | I66: =9575 -> 9575 | J66: =I66*10^9/3600/C66 -> 892.79597
A67: Luxembourg | B67: lux | C67: =VLOOKUP(A67,POP_base!$C$2:$T$201,17,0)*10^6 -> 562719 | D67: =VLOOKUP(A67,GDP_PPP_base!$C$2:$N$193,11,0)*10^9 -> 61569800000 | E67: =VLOOKUP(A67,INC_PPP_base!$C$2:$N$193,11,0) -> 108130 | F67: =D67/C67 -> 109414.82 | G67: =(F67-E67)/E67 -> 0.01188221 | H67: =VLOOKUP(A67,Elec_Access_base!$A$5:$BH$270,60,0)/100 -> 1 | I67: =3561 -> 3561 | J67: =I67*10^9/3600/C67 -> 1757.8341
A68: Malaysia | B68: mys | C68: =VLOOKUP(A68,POP_base!$C$2:$T$201,17,0)*10^6 -> 30842299 | D68: =VLOOKUP(A68,GDP_PPP_base!$C$2:$N$193,11,0)*10^9 -> 750350000000 | E68: =VLOOKUP(A68,INC_PPP_base!$C$2:$N$193,11,0) -> 24151.2 | F68: =D68/C68 -> 24328.601 | G68: =(F68-E68)/E68 -> 0.0073454505 | H68: =VLOOKUP(A68,Elec_Access_base!$A$5:$BH$270,60,0)/100 -> 0.999 | I68: =103456 -> 103456 | J68: =I68*10^9/3600/C68 -> 931.7651
A69: Mexico | B69: mex | C69: =VLOOKUP(A69,POP_base!$C$2:$T$201,17,0)*10^6 -> 119472303 | D69: =VLOOKUP(A69,GDP_PPP_base!$C$2:$N$193,11,0)*10^9 -> 2308810000000 | E69: =VLOOKUP(A69,INC_PPP_base!$C$2:$N$193,11,0) -> 19216.1 | F69: =D69/C69 -> 19325.065 | G69: =(F69-E69)/E69 -> 0.0056704962 | H69: =VLOOKUP(A69,Elec_Access_base!$A$5:$BH$270,60,0)/100 -> 0.99 | I69: =201549 -> 201549 | J69: =I69*10^9/3600/C69 -> 468.60931
A70: Moldova | B70: mda | C70: =VLOOKUP(A70,POP_base!$C$2:$T$201,17,0)*10^6 -> 3305826 | D70: =VLOOKUP(A70,GDP_PPP_base!$C$2:$N$193,11,0)*10^9 -> 29031500000 | E70: =VLOOKUP(A70,INC_PPP_base!$C$2:$N$193,11,0) -> 8858.12 | F70: =D70/C70 -> 8781.9202 | G70: =(F70-E70)/E70 -> -0.0086022585 | H70: =VLOOKUP(A70,Elec_Access_base!$A$5:$BH$270,60,0)/100 -> 0.999 | I70: =7313 -> 7313 | J70: =I70*10^9/3600/C70 -> 614.48754
A71: Mongolia | B71: mng | C71: =VLOOKUP(A71,POP_base!$C$2:$T$201,17,0)*10^6 -> 2932861 | D71: =VLOOKUP(A71,GDP_PPP_base!$C$2:$N$193,11,0)*10^9 -> 33011600000 | E71: =VLOOKUP(A71,INC_PPP_base!$C$2:$N$193,11,0) -> 11134.7 | F71: =D71/C71 -> 11255.767 | G71: =(F71-E71)/E71 -> 0.010872945 | H71: =VLOOKUP(A71,Elec_Access_base!$A$5:$BH$270,60,0)/100 -> 0.88 | I71: =4600 -> 4600 | J71: =I71*10^9/3600/C71 -> 435.67621
A72: Montenegro | B72: mne | C72: =VLOOKUP(A72,POP_base!$C$2:$T$201,17,0)*10^6 -> 634275 | D72: =VLOOKUP(A72,GDP_PPP_base!$C$2:$N$193,11,0)*10^9 -> 11375900000 | E72: =VLOOKUP(A72,INC_PPP_base!$C$2:$N$193,11,0) -> 17944 | F72: =D72/C72 -> 17935.28 | G72: =(F72-E72)/E72 -> -0.00048593188 | H72: =VLOOKUP(A72,Elec_Access_base!$A$5:$BH$270,60,0)/100 -> 0.995 | I72: =4474 -> 4474 | J72: =I72*10^9/3600/C72 -> 1959.3674
A73: Morocco | B73: mar | C73: =VLOOKUP(A73,POP_base!$C$2:$T$201,17,0)*10^6 -> 34467568 | D73: =VLOOKUP(A73,GDP_PPP_base!$C$2:$N$193,11,0)*10^9 -> 270392000000 | E73: =VLOOKUP(A73,INC_PPP_base!$C$2:$N$193,11,0) -> 7796.67 | F73: =D73/C73 -> 7844.8239 | G73: =(F73-E73)/E73 -> 0.0061762091 | H73: =VLOOKUP(A73,Elec_Access_base!$A$5:$BH$270,60,0)/100 -> 0.973 | I73: =36543 -> 36543 | J73: =I73*10^9/3600/C73 -> 294.5039
A74: Mozambique | B74: moz | C74: =VLOOKUP(A74,POP_base!$C$2:$T$201,17,0)*10^6 -> 26435069 | D74: =VLOOKUP(A74,GDP_PPP_base!$C$2:$N$193,11,0)*10^9 -> 34144000000 | E74: =VLOOKUP(A74,INC_PPP_base!$C$2:$N$193,11,0) -> 1271.98 | F74: =D74/C74 -> 1291.6176 | G74: =(F74-E74)/E74 -> 0.015438596 | H74: =VLOOKUP(A74,Elec_Access_base!$A$5:$BH$270,60,0)/100 -> 0.24 | I74: =5940 -> 5940 | J74: =I74*10^9/3600/C74 -> 62.417087
A75: Namibia | B75: nam | C75: =VLOOKUP(A75,POP_base!$C$2:$T$201,17,0)*10^6 -> 2262622 | D75: =VLOOKUP(A75,GDP_PPP_base!$C$2:$N$193,11,0)*10^9 -> 24683300000 | E75: =VLOOKUP(A75,INC_PPP_base!$C$2:$N$193,11,0) -> 10813.2 | F75: =D75/C75 -> 10909.158 | G75: =(F75-E75)/E75 -> 0.0088741173 | H75: =VLOOKUP(A75,Elec_Access_base!$A$5:$BH$270,60,0)/100 -> 0.516 | I75: =3283 -> 3283 | J75: =I75*10^9/3600/C75 -> 403.04763
A76: Nepal | B76: npl | C76: =VLOOKUP(A76,POP_base!$C$2:$T$201,17,0)*10^6 -> 27517470 | D76: =VLOOKUP(A76,GDP_PPP_base!$C$2:$N$193,11,0)*10^9 -> 90010600000 | E76: =VLOOKUP(A76,INC_PPP_base!$C$2:$N$193,11,0) -> 3260.03 | F76: =D76/C76 -> 3271.0347 | G76: =(F76-E76)/E76 -> 0.0033756524 | H76: =VLOOKUP(A76,Elec_Access_base!$A$5:$BH$270,60,0)/100 -> 0.82 | I76: =7023 -> 7023 | J76: =I76*10^9/3600/C76 -> 70.894357
A77: Netherlands | B77: nld | C77: =VLOOKUP(A77,POP_base!$C$2:$T$201,17,0)*10^6 -> 16999762 | D77: =VLOOKUP(A77,GDP_PPP_base!$C$2:$N$193,11,0)*10^9 -> 852059000000 | E77: =VLOOKUP(A77,INC_PPP_base!$C$2:$N$193,11,0) -> 50000.2 | F77: =D77/C77 -> 50121.819 | G77: =(F77-E77)/E77 -> 0.0024323773 | H77: =VLOOKUP(A77,Elec_Access_base!$A$5:$BH$270,60,0)/100 -> 1 | I77: =79855 -> 79855 | J77: =I77*10^9/3600/C77 -> 1304.8385
A78: New Zealand | B78: nzl | C78: =VLOOKUP(A78,POP_base!$C$2:$T$201,17,0)*10^6 -> 4552041 | D78: =VLOOKUP(A78,GDP_PPP_base!$C$2:$N$193,11,0)*10^9 -> 170282000000 | E78: =VLOOKUP(A78,INC_PPP_base!$C$2:$N$193,11,0) -> 37093.7 | F78: =D78/C78 -> 37407.835 | G78: =(F78-E78)/E78 -> 0.0084686968 | H78: =VLOOKUP(A78,Elec_Access_base!$A$5:$BH$270,60,0)/100 -> 1 | I78: =44887 -> 44887 | J78: =I78*10^9/3600/C78 -> 2739.1254
A79: Nicaragua | B79: nic | C79: =VLOOKUP(A79,POP_base!$C$2:$T$201,17,0)*10^6 -> 6253467 | D79: =VLOOKUP(A79,GDP_PPP_base!$C$2:$N$193,11,0)*10^9 -> 35039300000 | E79: =VLOOKUP(A79,INC_PPP_base!$C$2:$N$193,11,0) -> 5563.04 | F79: =D79/C79 -> 5603.1798 | G79: =(F79-E79)/E79 -> 0.0072154441 | H79: =VLOOKUP(A79,Elec_Access_base!$A$5:$BH$270,60,0)/100 -> 0.832 | I79: =4053 -> 4053 | J79: =I79*10^9/3600/C79 -> 180.03347
A80: Niger | B80: ner | C80: =VLOOKUP(A80,POP_base!$C$2:$T$201,17,0)*10^6 -> 19739586 | D80: =VLOOKUP(A80,GDP_PPP_base!$C$2:$N$193,11,0)*10^9 -> 22631900000 | E80: =VLOOKUP(A80,INC_PPP_base!$C$2:$N$193,11,0) -> 1124.39 | F80: =D80/C80 -> 1146.5235 | G80: =(F80-E80)/E80 -> 0.019684931 | H80: =VLOOKUP(A80,Elec_Access_base!$A$5:$BH$270,60,0)/100 -> 0.166 | I80: =2102 -> 2102 | J80: =I80*10^9/3600/C80 -> 29.579591
A81: North Macedonia | B81: mkd | C81: =VLOOKUP(A81,POP_base!$C$2:$T$201,17,0)*10^6 -> 2106835 | D81: =VLOOKUP(A81,GDP_PPP_base!$C$2:$N$193,11,0)*10^9 -> 31221400000 | E81: =VLOOKUP(A81,INC_PPP_base!$C$2:$N$193,11,0) -> 14811.2 | F81: =D81/C81 -> 14819.101 | G81: =(F81-E81)/E81 -> 0.00053342666 | H81: =VLOOKUP(A81,Elec_Access_base!$A$5:$BH$270,60,0)/100 -> 0.999 | I81: =11311 -> 11311 | J81: =I81*10^9/3600/C81 -> 1491.3102
A82: Norway | B82: nor | C82: =VLOOKUP(A82,POP_base!$C$2:$T$201,17,0)*10^6 -> 5166281 | D82: =VLOOKUP(A82,GDP_PPP_base!$C$2:$N$193,11,0)*10^9 -> 315154000000 | E82: =VLOOKUP(A82,INC_PPP_base!$C$2:$N$193,11,0) -> 60719.1 | F82: =D82/C82 -> 61002.102 | G82: =(F82-E82)/E82 -> 0.0046608382 | H82: =VLOOKUP(A82,Elec_Access_base!$A$5:$BH$270,60,0)/100 -> 1 | I82: =138851 -> 138851 | J82: =I82*10^9/3600/C82 -> 7465.6648
A83: Oman | B83: omn | C83: =VLOOKUP(A83,POP_base!$C$2:$T$201,17,0)*10^6 -> 4085208 | D83: =VLOOKUP(A83,GDP_PPP_base!$C$2:$N$193,11,0)*10^9 -> 147500000000 | E83: =VLOOKUP(A83,INC_PPP_base!$C$2:$N$193,11,0) -> 35188 | F83: =D83/C83 -> 36105.873 | G83: =(F83-E83)/E83 -> 0.026084822 | H83: =VLOOKUP(A83,Elec_Access_base!$A$5:$BH$270,60,0)/100 -> 1 | I83: =49525 -> 49525 | J83: =I83*10^9/3600/C83 -> 3367.5016
A84: Pakistan | B84: pak | C84: =VLOOKUP(A84,POP_base!$C$2:$T$201,17,0)*10^6 -> 2.0965897e+08 | D84: =VLOOKUP(A84,GDP_PPP_base!$C$2:$N$193,11,0)*10^9 -> 972252000000 | E84: =VLOOKUP(A84,INC_PPP_base!$C$2:$N$193,11,0) -> 4608.5 | F84: =D84/C84 -> 4637.3023 | G84: =(F84-E84)/E84 -> 0.0062498108 | H84: =VLOOKUP(A84,Elec_Access_base!$A$5:$BH$270,60,0)/100 -> 0.91 | I84: =160149 -> 160149 | J84: =I84*10^9/3600/C84 -> 212.18188
A85: Panama | B85: pan | C85: =VLOOKUP(A85,POP_base!$C$2:$T$201,17,0)*10^6 -> 3922664 | D85: =VLOOKUP(A85,GDP_PPP_base!$C$2:$N$193,11,0)*10^9 -> 116939000000 | E85: =VLOOKUP(A85,INC_PPP_base!$C$2:$N$193,11,0) -> 29551.6 | F85: =D85/C85 -> 29811.118 | G85: =(F85-E85)/E85 -> 0.0087818649 | H85: =VLOOKUP(A85,Elec_Access_base!$A$5:$BH$270,60,0)/100 -> 0.916 | I85: =9774 -> 9774 | J85: =I85*10^9/3600/C85 -> 692.13167
A86: Paraguay | B86: pry | C86: =VLOOKUP(A86,POP_base!$C$2:$T$201,17,0)*10^6 -> 6133835 | D86: =VLOOKUP(A86,GDP_PPP_base!$C$2:$N$193,11,0)*10^9 -> 79115400000 | E86: =VLOOKUP(A86,INC_PPP_base!$C$2:$N$193,11,0) -> 12806.1 | F86: =D86/C86 -> 12898.195 | G86: =(F86-E86)/E86 -> 0.0071914956 | H86: =VLOOKUP(A86,Elec_Access_base!$A$5:$BH$270,60,0)/100 -> 0.993 | I86: =16354 -> 16354 | J86: =I86*10^9/3600/C86 -> 740.60971
A87: Peru | B87: per | C87: =VLOOKUP(A87,POP_base!$C$2:$T$201,17,0)*10^6 -> 30520694 | D87: =VLOOKUP(A87,GDP_PPP_base!$C$2:$N$193,11,0)*10^9 -> 377313000000 | E87: =VLOOKUP(A87,INC_PPP_base!$C$2:$N$193,11,0) -> 12285.6 | F87: =D87/C87 -> 12362.53 | G87: =(F87-E87)/E87 -> 0.0062618152 | H87: =VLOOKUP(A87,Elec_Access_base!$A$5:$BH$270,60,0)/100 -> 0.939 | I87: =33130 -> 33130 | J87: =I87*10^9/3600/C87 -> 301.52584
A88: Philippines | B88: phl | C88: =VLOOKUP(A88,POP_base!$C$2:$T$201,17,0)*10^6 -> 102125514 | D88: =VLOOKUP(A88,GDP_PPP_base!$C$2:$N$193,11,0)*10^9 -> 745440000000 | E88: =VLOOKUP(A88,INC_PPP_base!$C$2:$N$193,11,0) -> 7235.08 | F88: =D88/C88 -> 7299.2533 | G88: =(F88-E88)/E88 -> 0.0088697496 | H88: =VLOOKUP(A88,Elec_Access_base!$A$5:$BH$270,60,0)/100 -> 0.891 | I88: =81889 -> 81889 | J88: =I88*10^9/3600/C88 -> 222.73518
A89: Poland | B89: pol | C89: =VLOOKUP(A89,POP_base!$C$2:$T$201,17,0)*10^6 -> 38574014 | D89: =VLOOKUP(A89,GDP_PPP_base!$C$2:$N$193,11,0)*10^9 -> 1016830000000 | E89: =VLOOKUP(A89,INC_PPP_base!$C$2:$N$193,11,0) -> 26374.9 | F89: =D89/C89 -> 26360.492 | G89: =(F89-E89)/E89 -> -0.00054626462 | H89: =VLOOKUP(A89,Elec_Access_base!$A$5:$BH$270,60,0)/100 -> 1 | I89: =101808 -> 101808 | J89: =I89*10^9/3600/C89 -> 733.13604
A90: Portugal | B90: prt | C90: =VLOOKUP(A90,POP_base!$C$2:$T$201,17,0)*10^6 -> 10382202 | D90: =VLOOKUP(A90,GDP_PPP_base!$C$2:$N$193,11,0)*10^9 -> 307226000000 | E90: =VLOOKUP(A90,INC_PPP_base!$C$2:$N$193,11,0) -> 29639.4 | F90: =D90/C90 -> 29591.603 | G90: =(F90-E90)/E90 -> -0.0016126165 | H90: =VLOOKUP(A90,Elec_Access_base!$A$5:$BH$270,60,0)/100 -> 1 | I90: =43106 -> 43106 | J90: =I90*10^9/3600/C90 -> 1153.3092
A91: Romania | B91: rou | C91: =VLOOKUP(A91,POP_base!$C$2:$T$201,17,0)*10^6 -> 19959350 | D91: =VLOOKUP(A91,GDP_PPP_base!$C$2:$N$193,11,0)*10^9 -> 428482000000 | E91: =VLOOKUP(A91,INC_PPP_base!$C$2:$N$193,11,0) -> 21525.2 | F91: =D91/C91 -> 21467.733 | G91: =(F91-E91)/E91 -> -0.0026697467 | H91: =VLOOKUP(A91,Elec_Access_base!$A$5:$BH$270,60,0)/100 -> 0.988 | I91: =43542 -> 43542 | J91: =I91*10^9/3600/C91 -> 605.98166
A92: Russian Federation | B92: rus | C92: =VLOOKUP(A92,POP_base!$C$2:$T$201,17,0)*10^6 -> 144441863 | D92: =VLOOKUP(A92,GDP_PPP_base!$C$2:$N$193,11,0)*10^9 -> 3520360000000 | E92: =VLOOKUP(A92,INC_PPP_base!$C$2:$N$193,11,0) -> 24334 | F92: =D92/C92 -> 24372.159 | G92: =(F92-E92)/E92 -> 0.0015681205 | H92: =VLOOKUP(A92,Elec_Access_base!$A$5:$BH$270,60,0)/100 -> 0.955 | I92: =538336 -> 538336 | J92: =I92*10^9/3600/C92 -> 1035.28
A93: Saudi Arabia | B93: sau | C93: =VLOOKUP(A93,POP_base!$C$2:$T$201,17,0)*10^6 -> 32441886 | D93: =VLOOKUP(A93,GDP_PPP_base!$C$2:$N$193,11,0)*10^9 -> 1578240000000 | E93: =VLOOKUP(A93,INC_PPP_base!$C$2:$N$193,11,0) -> 48190.9 | F93: =D93/C93 -> 48648.22 | G93: =(F93-E93)/E93 -> 0.0094897537 | H93: =VLOOKUP(A93,Elec_Access_base!$A$5:$BH$270,60,0)/100 -> 1 | I93: =520246 -> 520246 | J93: =I93*10^9/3600/C93 -> 4454.5122
A94: Senegal | B94: sen | C94: =VLOOKUP(A94,POP_base!$C$2:$T$201,17,0)*10^6 -> 14161512 | D94: =VLOOKUP(A94,GDP_PPP_base!$C$2:$N$193,11,0)*10^9 -> 43246200000 | E94: =VLOOKUP(A94,INC_PPP_base!$C$2:$N$193,11,0) -> 3012.37 | F94: =D94/C94 -> 3053.7841 | G94: =(F94-E94)/E94 -> 0.013748008 | H94: =VLOOKUP(A94,Elec_Access_base!$A$5:$BH$270,60,0)/100 -> 0.605 | I94: =4006 -> 4006 | J94: =I94*10^9/3600/C94 -> 78.577611
A95: Serbia | B95: srb | C95: =VLOOKUP(A95,POP_base!$C$2:$T$201,17,0)*10^6 -> 7532588 | D95: =VLOOKUP(A95,GDP_PPP_base!$C$2:$N$193,11,0)*10^9 -> 110603000000 | E95: =VLOOKUP(A95,INC_PPP_base!$C$2:$N$193,11,0) -> 14708.8 | F95: =D95/C95 -> 14683.267 | G95: =(F95-E95)/E95 -> -0.0017359069 | H95: =VLOOKUP(A95,Elec_Access_base!$A$5:$BH$270,60,0)/100 -> 0.999 | I95: =50623 -> 50623 | J95: =I95*10^9/3600/C95 -> 1866.8145
A96: Singapore | B96: sgp | C96: =VLOOKUP(A96,POP_base!$C$2:$T$201,17,0)*10^6 -> 5615362 | D96: =VLOOKUP(A96,GDP_PPP_base!$C$2:$N$193,11,0)*10^9 -> 493988000000 | E96: =VLOOKUP(A96,INC_PPP_base!$C$2:$N$193,11,0) -> 87431.2 | F96: =D96/C96 -> 87970.82 | G96: =(F96-E96)/E96 -> 0.0061719392 | H96: =VLOOKUP(A96,Elec_Access_base!$A$5:$BH$270,60,0)/100 -> 1 | I96: =25995 -> 25995 | J96: =I96*10^9/3600/C96 -> 1285.907
A97: Slovakia | B97: svk | C97: =VLOOKUP(A97,POP_base!$C$2:$T$201,17,0)*10^6 -> 5422120 | D97: =VLOOKUP(A97,GDP_PPP_base!$C$2:$N$193,11,0)*10^9 -> 163009000000 | E97: =VLOOKUP(A97,INC_PPP_base!$C$2:$N$193,11,0) -> 30050.8 | F97: =D97/C97 -> 30063.702 | G97: =(F97-E97)/E97 -> 0.00042934034 | H97: =VLOOKUP(A97,Elec_Access_base!$A$5:$BH$270,60,0)/100 -> 1 | I97: =18126 -> 18126 | J97: =I97*10^9/3600/C97 -> 928.60357
A98: Slovenia | B98: svn | C98: =VLOOKUP(A98,POP_base!$C$2:$T$201,17,0)*10^6 -> 2076171 | D98: =VLOOKUP(A98,GDP_PPP_base!$C$2:$N$193,11,0)*10^9 -> 65265300000 | E98: =VLOOKUP(A98,INC_PPP_base!$C$2:$N$193,11,0) -> 31364.6 | F98: =D98/C98 -> 31435.416 | G98: =(F98-E98)/E98 -> 0.0022578463 | H98: =VLOOKUP(A98,Elec_Access_base!$A$5:$BH$270,60,0)/100 -> 1 | I98: =11538 -> 11538 | J98: =I98*10^9/3600/C98 -> 1543.7071
A99: South Africa | B99: zaf | C99: =VLOOKUP(A99,POP_base!$C$2:$T$201,17,0)*10^6 -> 55219577 | D99: =VLOOKUP(A99,GDP_PPP_base!$C$2:$N$193,11,0)*10^9 -> 758900000000 | E99: =VLOOKUP(A99,INC_PPP_base!$C$2:$N$193,11,0) -> 13581.7 | F99: =D99/C99 -> 13743.314 | G99: =(F99-E99)/E99 -> 0.011899413 | H99: =VLOOKUP(A99,Elec_Access_base!$A$5:$BH$270,60,0)/100 -> 0.853 | I99: =145594 -> 145594 | J99: =I99*10^9/3600/C99 -> 732.39927
A100: Spain | B100: esp | C100: =VLOOKUP(A100,POP_base!$C$2:$T$201,17,0)*10^6 -> 46433097 | D100: =VLOOKUP(A100,GDP_PPP_base!$C$2:$N$193,11,0)*10^9 -> 1621840000000 | E100: =VLOOKUP(A100,INC_PPP_base!$C$2:$N$193,11,0) -> 34929.9 | F100: =D100/C100 -> 34928.534 | G100: =(F100-E100)/E100 -> -3.9111392e-05 | H100: =VLOOKUP(A100,Elec_Access_base!$A$5:$BH$270,60,0)/100 -> 1 | I100: =252248 -> 252248 | J100: =I100*10^9/3600/C100 -> 1509.029
...

Sheet Data_Africa
A1: Country | B1: Code | C1: POP | D1: GDP_2017USD | E1: INC_2017USD_SSP | F1: INC_2017USD_calc | G1: diff | H1: Elec_Access | I1: Res_Elec_TJ | J1: Res_Elec_kWhCapita
A2: Nigeria | B2: =VLOOKUP(A2,Data!$A$1:$B$126,2,0) -> nga | C2: =VLOOKUP(A2,POP_base!$C$2:$T$201,17,0)*10^6 -> 181702661 | D2: =VLOOKUP(A2,GDP_PPP_base!$C$2:$N$193,11,0)*10^9 -> 998931000000 | E2: =VLOOKUP(A2,INC_PPP_base!$C$2:$N$193,11,0) -> 5429.1 | F2: =D2/C2 -> 5497.6135 | G2: =(F2-E2)/E2 -> 0.012619677 | H2: =VLOOKUP(A2,Elec_Access_base!$A$5:$BH$270,60,0)/100 -> 0.525 | I2: =VLOOKUP(A2,Data!$A$2:$I$126,9,0) -> 51706 | J2: =I2*10^9/3600/C2 -> 79.0455
A3: Ethiopia | B3: =VLOOKUP(A3,Data!$A$1:$B$126,2,0) -> eth | C3: =VLOOKUP(A3,POP_base!$C$2:$T$201,17,0)*10^6 -> 101097184 | D3: =VLOOKUP(A3,GDP_PPP_base!$C$2:$N$193,11,0)*10^9 -> 180711000000 | E3: =VLOOKUP(A3,INC_PPP_base!$C$2:$N$193,11,0) -> 1763.52 | F3: =D3/C3 -> 1787.4979 | G3: =(F3-E3)/E3 -> 0.013596591 | H3: =VLOOKUP(A3,Elec_Access_base!$A$5:$BH$270,60,0)/100 -> 0.29 | I3: =VLOOKUP(A3,Data!$A$2:$I$126,9,0) -> 12240 | J3: =I3*10^9/3600/C3 -> 33.631006
A4: Egypt | B4: =VLOOKUP(A4,Data!$A$1:$B$126,2,0) -> egy | C4: =VLOOKUP(A4,POP_base!$C$2:$T$201,17,0)*10^6 -> 96675401 | D4: =VLOOKUP(A4,GDP_PPP_base!$C$2:$N$193,11,0)*10^9 -> 1029480000000 | E4: =VLOOKUP(A4,INC_PPP_base!$C$2:$N$193,11,0) -> 10534.6 | F4: =D4/C4 -> 10648.831 | G4: =(F4-E4)/E4 -> 0.010843404 | H4: =VLOOKUP(A4,Elec_Access_base!$A$5:$BH$270,60,0)/100 -> 0.993 | I4: =VLOOKUP(A4,Data!$A$2:$I$126,9,0) -> 264099 | J4: =I4*10^9/3600/C4 -> 758.83661
A5: Democratic Republic of the Congo | B5: =VLOOKUP(A5,Data!$A$1:$B$126,2,0) -> cod | C5: =VLOOKUP(A5,POP_base!$C$2:$T$201,17,0)*10^6 -> 77325521 | D5: =VLOOKUP(A5,GDP_PPP_base!$C$2:$N$193,11,0)*10^9 -> 86126600000 | E5: =VLOOKUP(A5,INC_PPP_base!$C$2:$N$193,11,0) -> 1094.97 | F5: =D5/C5 -> 1113.8186 | G5: =(F5-E5)/E5 -> 0.017213763 | H5: =VLOOKUP(A5,Elec_Access_base!$A$5:$BH$270,60,0)/100 -> 0.166 | I5: =VLOOKUP(A5,Data!$A$2:$I$126,9,0) -> 9115 | J5: =I5*10^9/3600/C5 -> 32.743969
A6: Tanzania | B6: =VLOOKUP(A6,Data!$A$1:$B$126,2,0) -> tza | C6: =VLOOKUP(A6,POP_base!$C$2:$T$201,17,0)*10^6 -> 51608414 | D6: =VLOOKUP(A6,GDP_PPP_base!$C$2:$N$193,11,0)*10^9 -> 117578000000 | E6: =VLOOKUP(A6,INC_PPP_base!$C$2:$N$193,11,0) -> 2237.75 | F6: =D6/C6 -> 2278.2719 | G6: =(F6-E6)/E6 -> 0.018108328 | H6: =VLOOKUP(A6,Elec_Access_base!$A$5:$BH$270,60,0)/100 -> 0.262 | I6: =VLOOKUP(A6,Data!$A$2:$I$126,9,0) -> 8542 | J6: =I6*10^9/3600/C6 -> 45.976568
A7: South Africa | B7: =VLOOKUP(A7,Data!$A$1:$B$126,2,0) -> zaf | C7: =VLOOKUP(A7,POP_base!$C$2:$T$201,17,0)*10^6 -> 55219577 | D7: =VLOOKUP(A7,GDP_PPP_base!$C$2:$N$193,11,0)*10^9 -> 758900000000 | E7: =VLOOKUP(A7,INC_PPP_base!$C$2:$N$193,11,0) -> 13581.7 | F7: =D7/C7 -> 13743.314 | G7: =(F7-E7)/E7 -> 0.011899413 | H7: =VLOOKUP(A7,Elec_Access_base!$A$5:$BH$270,60,0)/100 -> 0.853 | I7: =VLOOKUP(A7,Data!$A$2:$I$126,9,0) -> 145594 | J7: =I7*10^9/3600/C7 -> 732.39927
A8: Kenya | B8: =VLOOKUP(A8,Data!$A$1:$B$126,2,0) -> ken | C8: =VLOOKUP(A8,POP_base!$C$2:$T$201,17,0)*10^6 -> 46345992 | D8: =VLOOKUP(A8,GDP_PPP_base!$C$2:$N$193,11,0)*10^9 -> 195128000000 | E8: =VLOOKUP(A8,INC_PPP_base!$C$2:$N$193,11,0) -> 4164.82 | F8: =D8/C8 -> 4210.2454 | G8: =(F8-E8)/E8 -> 0.010906932 | H8: =VLOOKUP(A8,Elec_Access_base!$A$5:$BH$270,60,0)/100 -> 0.416 | I8: =VLOOKUP(A8,Data!$A$2:$I$126,9,0) -> 9601 | J8: =I8*10^9/3600/C8 -> 57.54423
A9: Sudan | B9: =VLOOKUP(A9,Data!$A$1:$B$126,2,0) -> sdn | C9: =VLOOKUP(A9,POP_base!$C$2:$T$201,17,0)*10^6 -> 37585674 | D9: =VLOOKUP(A9,GDP_PPP_base!$C$2:$N$193,11,0)*10^9 -> 181882000000 | E9: =VLOOKUP(A9,INC_PPP_base!$C$2:$N$193,11,0) -> 4764.9 | F9: =D9/C9 -> 4839.131 | G9: =(F9-E9)/E9 -> 0.01557871 | H9: =VLOOKUP(A9,Elec_Access_base!$A$5:$BH$270,60,0)/100 -> 0.48 | I9: =VLOOKUP(A9,Data!$A$2:$I$126,9,0) -> 21437 | J9: =I9*10^9/3600/C9 -> 158.43064
A10: Uganda | B10: =VLOOKUP(A10,Data!$A$1:$B$126,2,0) -> uga | C10: =VLOOKUP(A10,POP_base!$C$2:$T$201,17,0)*10^6 -> 36893791 | D10: =VLOOKUP(A10,GDP_PPP_base!$C$2:$N$193,11,0)*10^9 -> 83910600000 | E10: =VLOOKUP(A10,INC_PPP_base!$C$2:$N$193,11,0) -> 2238.97 | F10: =D10/C10 -> 2274.3827 | G10: =(F10-E10)/E10 -> 0.015816514 | H10: =VLOOKUP(A10,Elec_Access_base!$A$5:$BH$270,60,0)/100 -> 0.185 | I10: =VLOOKUP(A10,Data!$A$2:$I$126,9,0) -> 2192 | J10: =I10*10^9/3600/C10 -> 16.503831
A11: Algeria | B11: =VLOOKUP(A11,Data!$A$1:$B$126,2,0) -> dza | C11: =VLOOKUP(A11,POP_base!$C$2:$T$201,17,0)*10^6 -> 39146480 | D11: =VLOOKUP(A11,GDP_PPP_base!$C$2:$N$193,11,0)*10^9 -> 456849000000 | E11: =VLOOKUP(A11,INC_PPP_base!$C$2:$N$193,11,0) -> 11553.2 | F11: =D11/C11 -> 11670.245 | G11: =(F11-E11)/E11 -> 0.010130932 | H11: =VLOOKUP(A11,Elec_Access_base!$A$5:$BH$270,60,0)/100 -> 0.994 | I11: =VLOOKUP(A11,Data!$A$2:$I$126,9,0) -> 70819 | J11: =I11*10^9/3600/C11 -> 502.52141
A12: Angola | B12: =VLOOKUP(A12,Data!$A$1:$B$126,2,0) -> ago | C12: =VLOOKUP(A12,POP_base!$C$2:$T$201,17,0)*10^6 -> 27624320 | D12: =VLOOKUP(A12,GDP_PPP_base!$C$2:$N$193,11,0)*10^9 -> 223908000000 | E12: =VLOOKUP(A12,INC_PPP_base!$C$2:$N$193,11,0) -> 7960.42 | F12: =D12/C12 -> 8105.4665 | G12: =(F12-E12)/E12 -> 0.018220959 | H12: =VLOOKUP(A12,Elec_Access_base!$A$5:$BH$270,60,0)/100 -> 0.42 | I12: =VLOOKUP(A12,Data!$A$2:$I$126,9,0) -> 19987 | J12: =I12*10^9/3600/C12 -> 200.98031
A13: Morocco | B13: =VLOOKUP(A13,Data!$A$1:$B$126,2,0) -> mar | C13: =VLOOKUP(A13,POP_base!$C$2:$T$201,17,0)*10^6 -> 34467568 | D13: =VLOOKUP(A13,GDP_PPP_base!$C$2:$N$193,11,0)*10^9 -> 270392000000 | E13: =VLOOKUP(A13,INC_PPP_base!$C$2:$N$193,11,0) -> 7796.67 | F13: =D13/C13 -> 7844.8239 | G13: =(F13-E13)/E13 -> 0.0061762091 | H13: =VLOOKUP(A13,Elec_Access_base!$A$5:$BH$270,60,0)/100 -> 0.973 | I13: =VLOOKUP(A13,Data!$A$2:$I$126,9,0) -> 36543 | J13: =I13*10^9/3600/C13 -> 294.5039
... A38: Eswatini | B38: =VLOOKUP(A38,Data!$A$1:$B$126,2,0) -> swz | C38: =VLOOKUP(A38,POP_base!$C$2:$T$201,17,0)*10^6 -> 1129754 | D38: =VLOOKUP(A38,GDP_PPP_base!$C$2:$N$193,11,0)*10^9 -> 9171850000 | E38: =VLOOKUP(A38,INC_PPP_base!$C$2:$N$193,11,0) -> 8088.51 | F38: =D38/C38 -> 8118.4488 | G38: =(F38-E38)/E38 -> 0.003701398 | H38: =VLOOKUP(A38,Elec_Access_base!$A$5:$BH$270,60,0)/100 -> 0.641 | I38: =VLOOKUP(A38,Data!$A$2:$I$126,9,0) -> 1324 | J38: =I38*10^9/3600/C38 -> 325.53793

Sheet POP_base
A1: Model | B1: Scenario | C1: Region | D1: Variable | E1: Unit | F1: 1950 | G1: 1955 | H1: 1960 | I1: 1965 | J1: 1970 | K1: 1975 | L1: 1980 | M1: 1985 | N1: 1990 | O1: 1995 | P1: 2000 | Q1: 2005 | R1: 2010 | S1: 2015 | T1: 2020
A2: IIASA-WiC POP 2023 | B2: Historical Reference | C2: Aruba | D2: Population | E2: million | F2: 0.038123 | G2: 0.045654 | H2: 0.05386 | I2: 0.058504 | J2: 0.05924 | K2: 0.060375 | L2: 0.062138 | M2: 0.064383 | N2: 0.064895 | O2: 0.075884 | P2: 0.088122 | Q2: 0.093938 | R2: 0.099821 | S2: 0.103937 | T2: 0.106664
A3: IIASA-WiC POP 2023 | B3: Historical Reference | C3: Afghanistan | D3: Population | E3: million | F3: 7.436561 | G3: 7.915832 | H3: 8.541748 | I3: 9.457096 | J3: 10.620384 | K3: 12.016498 | L3: 12.917355 | M3: 10.50657 | N3: 10.845924 | O3: 16.071789 | P3: 19.669913 | Q3: 23.856141 | R3: 27.80317 | S3: 33.36082 | T3: 38.326031
A4: IIASA-WiC POP 2023 | B4: Historical Reference | C4: Angola | D4: Population | E4: million | F4: 4.432912 | G4: 4.895364 | H4: 5.313525 | I4: 5.707744 | J4: 5.9667 | K4: 6.916596 | L4: 8.182314 | M4: 9.791161 | N4: 11.631523 | O4: 13.680908 | P4: 16.126967 | Q4: 19.103826 | R4: 22.925082 | S4: 27.62432 | T4: 32.899002
A5: IIASA-WiC POP 2023 | B5: Historical Reference | C5: Albania | D5: Population | E5: million | F5: 1.234474 | G5: 1.430773 | H5: 1.682657 | I5: 1.97945 | J5: 2.292301 | K5: 2.61791 | L5: 2.915703 | M5: 3.15281 | N5: 3.290062 | O5: 3.28996 | P5: 3.195713 | Q5: 3.047469 | R5: 2.920897 | S5: 2.883156 | T5: 2.87213
A6: IIASA-WiC POP 2023 | B6: Historical Reference | C6: United Arab Emirates | D6: Population | E6: million | F6: 0.072048 | G6: 0.098947 | H6: 0.129741 | I6: 0.169496 | J6: 0.275244 | K6: 0.517455 | L6: 0.961141 | M6: 1.343826 | N6: 1.845986 | O6: 2.381492 | P6: 3.186118 | Q6: 4.083254 | R6: 8.433991 | S6: 8.877288 | T6: 9.247554
A7: IIASA-WiC POP 2023 | B7: Historical Reference | C7: Argentina | D7: Population | E7: million | F7: 16.849682 | G7: 18.5373 | H7: 20.187607 | I7: 21.880234 | J7: 23.652997 | K7: 25.669772 | L7: 27.804417 | M7: 30.058262 | N7: 32.402162 | O7: 34.721109 | P7: 36.864 | Q7: 38.867884 | R7: 40.892778 | S7: 43.042287 | T7: 44.908441
A8: IIASA-WiC POP 2023 | B8: Historical Reference | C8: Armenia | D8: Population | E8: million | F8: 1.366081 | G8: 1.578846 | H8: 1.870776 | I8: 2.202927 | J8: 2.505973 | K8: 2.798622 | L8: 3.119069 | M8: 3.287069 | N8: 3.525783 | O8: 3.333873 | P8: 3.187692 | Q8: 3.056449 | R8: 2.955608 | S8: 2.884958 | T8: 2.812494
A9: IIASA-WiC POP 2023 | B9: Historical Reference | C9: Antigua and Barbuda | D9: Population | E9: million | F9: 0.044948 | G9: 0.04977 | H9: 0.05482 | I9: 0.059162 | J9: 0.064296 | K9: 0.064101 | L9: 0.064782 | M9: 0.065212 | N9: 0.063473 | O9: 0.06771 | P9: 0.074423 | Q9: 0.07938 | R9: 0.085163 | S9: 0.089595 | T9: 0.092375
A10: IIASA-WiC POP 2023 | B10: Historical Reference | C10: Australia | D10: Population | E10: million | F10: 8.0489 | G10: 9.099771 | H10: 10.173755 | I10: 11.240012 | J10: 12.393916 | K10: 13.809241 | L10: 14.604481 | M10: 15.677747 | N10: 16.928886 | O10: 17.897944 | P10: 18.903313 | Q10: 20.04013 | R10: 21.856965 | S10: 23.641438 | T10: 25.544183
A11: IIASA-WiC POP 2023 | B11: Historical Reference | C11: Austria | D11: Population | E11: million | F11: 6.937809 | G11: 6.943932 | H11: 7.029366 | I11: 7.246871 | J11: 7.453368 | K11: 7.590322 | L11: 7.543687 | M11: 7.560286 | N11: 7.645463 | O11: 7.942527 | P11: 8.001197 | Q11: 8.200618 | R11: 8.350976 | S11: 8.584609 | T11: 8.9011
A12: IIASA-WiC POP 2023 | B12: Historical Reference | C12: Azerbaijan | D12: Population | E12: million | F12: 3.126982 | G12: 3.502112 | H12: 4.063658 | I12: 4.770385 | J12: 5.372649 | K12: 5.87609 | L12: 6.339692 | M12: 6.832859 | N12: 7.371985 | O12: 7.857374 | P12: 8.143914 | Q12: 8.604653 | R12: 9.177799 | S12: 9.804533 | T12: 10.273527
A13: IIASA-WiC POP 2023 | B13: Historical Reference | C13: Burundi | D13: Population | E13: million | F13: 2.229322 | G13: 2.470794 | H13: 2.719733 | I13: 3.086551 | J13: 3.45601 | K13: 3.711071 | L13: 4.176526 | M13: 4.903724 | N13: 5.428165 | O13: 5.898312 | P13: 6.243645 | Q13: 7.257392 | R13: 8.955711 | S13: 10.667662 | T13: 12.053895
... A201: IIASA-WiC POP 2023 | B201: Historical Reference | C201: Zimbabwe | D201: Population | E201: million | F201: 2.746396 | G201: 3.21349 | H201: 3.747472 | I201: 4.377599 | J201: 5.124662 | K201: 6.00165 | L201: 6.734798 | M201: 8.544135 | N201: 9.980999 | O201: 10.901511 | P201: 11.791214 | Q201: 12.195578 | R201: 12.753008 | S201: 14.006288 | T201: 15.505219

Sheet GDP_PPP_base
A1: Model | B1: Scenario | C1: Region | D1: Variable | E1: Unit | F1: 1980 | G1: 1985 | H1: 1990 | I1: 1995 | J1: 2000 | K1: 2005 | L1: 2010 | M1: 2015 | N1: 2020
A2: OECD ENV-Growth 2023 | B2: Historical Reference | C2: Aruba | D2: GDP|PPP | E2: billion USD_2017/yr | H2: 2.11677 | I2: 2.88042 | J2: 3.47463 | K2: 3.87497 | L2: 3.53452 | M2: 3.98373 | N2: 3.11606
A3: OECD ENV-Growth 2023 | B3: Historical Reference | C3: Angola | D3: GDP|PPP | E3: billion USD_2017/yr | H3: 68.5243 | I3: 58.6377 | J3: 77.1182 | K3: 120.066 | L3: 179.52 | M3: 223.908 | N3: 201.395
A4: OECD ENV-Growth 2023 | B4: Historical Reference | C4: Albania | D4: GDP|PPP | E4: billion USD_2017/yr | F4: 14.8499 | G4: 16.406 | H4: 16.7455 | I4: 14.6095 | J4: 18.6547 | K4: 24.8144 | L4: 32.0917 | M4: 35.0689 | N4: 38.6186
A5: OECD ENV-Growth 2023 | B5: Historical Reference | C5: United Arab Emirates | D5: GDP|PPP | E5: billion USD_2017/yr | F5: 169.912 | G5: 164.342 | H5: 194.55 | I5: 235.524 | J5: 317.069 | K5: 411.65 | L5: 480.294 | M5: 607.034 | N5: 628.455
A6: OECD ENV-Growth 2023 | B6: Historical Reference | C6: Argentina | D6: GDP|PPP | E6: billion USD_2017/yr | F6: 513.07 | G6: 461.13 | H6: 461.3 | I6: 604.596 | J6: 576.77 | K6: 634.572 | L6: 805.778 | M6: 867.021 | N6: 750.58
A7: OECD ENV-Growth 2023 | B7: Historical Reference | C7: Armenia | D7: GDP|PPP | E7: billion USD_2017/yr | H7: 18.3279 | I7: 9.68713 | J7: 12.2243 | K7: 22.0888 | L7: 26.6884 | M7: 33.1178 | N7: 37.5166
A8: OECD ENV-Growth 2023 | B8: Historical Reference | C8: Antigua and Barbuda | D8: GDP|PPP | E8: billion USD_2017/yr | F8: 0.54986 | G8: 0.712911 | H8: 0.966737 | I8: 1.07312 | J8: 1.39171 | K8: 1.60333 | L8: 1.60275 | M8: 1.73978 | N8: 1.74094
A9: OECD ENV-Growth 2023 | B9: Historical Reference | C9: Australia | D9: GDP|PPP | E9: billion USD_2017/yr | F9: 390.087 | G9: 452.531 | H9: 536.001 | I9: 612.702 | J9: 718.501 | K9: 848.066 | L9: 972.936 | M9: 1111.68 | N9: 1202.79
A10: OECD ENV-Growth 2023 | B10: Historical Reference | C10: Austria | D10: GDP|PPP | E10: billion USD_2017/yr | F10: 229.744 | G10: 247.132 | H10: 286.936 | I10: 320.261 | J10: 350.226 | K10: 382.176 | L10: 407.961 | M10: 431.002 | N10: 435.834
A11: OECD ENV-Growth 2023 | B11: Historical Reference | C11: Azerbaijan | D11: GDP|PPP | E11: billion USD_2017/yr | H11: 54.6529 | I11: 24.0195 | J11: 33.6378 | K11: 59.6581 | L11: 127.424 | M11: 143.331 | N11: 138.624
A12: OECD ENV-Growth 2023 | B12: Historical Reference | C12: Burundi | D12: GDP|PPP | E12: billion USD_2017/yr | F12: 3.72721 | G12: 4.80321 | H12: 5.76222 | I12: 5.11207 | J12: 5.09362 | K12: 5.88198 | L12: 7.3406 | M12: 8.38362 | N12: 8.69567
A13: OECD ENV-Growth 2023 | B13: Historical Reference | C13: Belgium | D13: GDP|PPP | E13: billion USD_2017/yr | F13: 290.045 | G13: 304.001 | H13: 353.911 | I13: 383.011 | J13: 412.034 | K13: 453.638 | L13: 488.271 | M13: 520.866 | N13: 528.495
A14: OECD ENV-Growth 2023 | B14: Historical Reference | C14: Benin | D14: GDP|PPP | E14: billion USD_2017/yr | F14: 9.32584 | G14: 9.92173 | H14: 10.9313 | I14: 13.4313 | J14: 17.0153 | K14: 20.6072 | L14: 24.8812 | M14: 31.1564 | N14: 40.287
A15: OECD ENV-Growth 2023 | B15: Historical Reference | C15: Burkina Faso | D15: GDP|PPP | E15: billion USD_2017/yr | F15: 6.70199 | G15: 7.79455 | H15: 9.01754 | I15: 10.9244 | J15: 15.1311 | K15: 20.6025 | L15: 26.9238 | M15: 35.0508 | N15: 45.2979
A16: OECD ENV-Growth 2023 | B16: Historical Reference | C16: Bangladesh | D16: GDP|PPP | E16: billion USD_2017/yr | F16: 138.127 | G16: 165.767 | H16: 199.079 | I16: 246.793 | J16: 312.734 | K16: 400.688 | L16: 537.977 | M16: 730.948 | N16: 999.535
A17: OECD ENV-Growth 2023 | B17: Historical Reference | C17: Bulgaria | D17: GDP|PPP | E17: billion USD_2017/yr | F17: 113.902 | G17: 137.072 | H17: 139.962 | I17: 95.8215 | J17: 86.0918 | K17: 113.557 | L17: 134.732 | M17: 143.928 | N17: 156.364
A18: OECD ENV-Growth 2023 | B18: Historical Reference | C18: Bahrain | D18: GDP|PPP | E18: billion USD_2017/yr | F18: 15.8672 | G18: 19.1642 | H18: 21.0703 | I18: 26.1304 | J18: 32.8333 | K18: 42.2266 | L18: 55.3404 | M18: 65.9987 | N18: 70.9099
A19: OECD ENV-Growth 2023 | B19: Historical Reference | C19: Bahamas | D19: GDP|PPP | E19: billion USD_2017/yr | F19: 7.1193 | G19: 8.36647 | H19: 9.4091 | I19: 9.36377 | J19: 11.9687 | K19: 12.9925 | L19: 12.8411 | M19: 13.3607 | N19: 10.622
A20: OECD ENV-Growth 2023 | B20: Historical Reference | C20: Bosnia and Herzegovina | D20: GDP|PPP | E20: billion USD_2017/yr | I20: 10.6305 | J20: 27.8832 | K20: 34.491 | L20: 40.7725 | M20: 44.1168 | N20: 48.7193
A21: OECD ENV-Growth 2023 | B21: Historical Reference | C21: Belarus | D21: GDP|PPP | E21: billion USD_2017/yr | H21: 90.636 | I21: 59.2958 | J21: 80.4963 | K21: 115.601 | L21: 164.445 | M21: 173.734 | N21: 180.446
A22: OECD ENV-Growth 2023 | B22: Historical Reference | C22: Belize | D22: GDP|PPP | E22: billion USD_2017/yr | F22: 0.58092 | G22: 0.626782 | H22: 1.16719 | I22: 1.5616 | J22: 2.09207 | K22: 2.7051 | L22: 2.89543 | M22: 3.37851 | N22: 3.04218
A23: OECD ENV-Growth 2023 | B23: Historical Reference | C23: Bolivia | D23: GDP|PPP | E23: billion USD_2017/yr | F23: 31.1143 | G23: 28.2268 | H23: 31.4915 | I23: 38.4942 | J23: 45.5886 | K23: 53.0807 | L23: 66.4498 | M23: 86.7889 | N23: 91.6687
A24: OECD ENV-Growth 2023 | B24: Historical Reference | C24: Brazil | D24: GDP|PPP | E24: billion USD_2017/yr | F24: 1334.93 | G24: 1422.04 | H24: 1561.05 | I24: 1815.94 | J24: 1983.47 | K24: 2292.42 | L24: 2849.54 | M24: 3016.14 | N24: 2935.82
A25: OECD ENV-Growth 2023 | B25: Historical Reference | C25: Barbados | D25: GDP|PPP | E25: billion USD_2017/yr | F25: 3.33356 | G25: 3.27377 | H25: 3.6602 | I25: 3.47938 | J25: 4.11907 | K25: 4.366 | L25: 4.40391 | M25: 4.39273 | N25: 3.87797
A26: OECD ENV-Growth 2023 | B26: Historical Reference | C26: Brunei Darussalam | D26: GDP|PPP | E26: billion USD_2017/yr | G26: 18.3666 | H26: 18.4286 | I26: 21.5237 | J26: 22.9959 | K26: 25.4796 | L26: 26.3305 | M26: 26.1967 | N26: 27.211
A27: OECD ENV-Growth 2023 | B27: Historical Reference | C27: Bhutan | D27: GDP|PPP | E27: billion USD_2017/yr | F27: 0.548435 | G27: 0.812451 | H27: 1.40587 | I27: 1.68378 | J27: 2.28617 | K27: 3.3399 | L27: 5.19084 | M27: 6.9475 | N27: 8.40082
A28: OECD ENV-Growth 2023 | B28: Historical Reference | C28: Botswana | D28: GDP|PPP | E28: billion USD_2017/yr | F28: 4.86069 | G28: 7.74202 | H28: 13.5765 | I28: 16.1109 | J28: 19.5947 | K28: 24.1686 | L28: 26.4665 | M28: 31.5408 | N28: 34.4925
A29: OECD ENV-Growth 2023 | B29: Historical Reference | C29: Central African Republic | D29: GDP|PPP | E29: billion USD_2017/yr | F29: 2.86721 | G29: 3.34604 | H29: 3.83824 | I29: 4.15394 | J29: 4.1603 | K29: 4.38073 | L29: 5.26971 | M29: 3.83133 | N29: 4.52762
A30: OECD ENV-Growth 2023 | B30: Historical Reference | C30: Canada | D30: GDP|PPP | E30: billion USD_2017/yr | F30: 737.974 | G30: 841.377 | H30: 957.085 | I30: 1041.67 | J30: 1192.38 | K30: 1354.21 | L30: 1433.98 | M30: 1594.85 | N30: 1649.89
A31: OECD ENV-Growth 2023 | B31: Historical Reference | C31: Switzerland | D31: GDP|PPP | E31: billion USD_2017/yr | F31: 302.884 | G31: 326.6 | H31: 377.794 | I31: 380.189 | J31: 412.757 | K31: 441.689 | L31: 495.041 | M31: 540.386 | N31: 568.96
A32: OECD ENV-Growth 2023 | B32: Historical Reference | C32: Chile | D32: GDP|PPP | E32: billion USD_2017/yr | F32: 97.0698 | G32: 93.4957 | H32: 123.943 | I32: 187.984 | J32: 220.125 | K32: 276.012 | L32: 334.745 | M32: 405.421 | N32: 410.374
A33: OECD ENV-Growth 2023 | B33: Historical Reference | C33: China | D33: GDP|PPP | E33: billion USD_2017/yr | F33: 666.047 | G33: 1107.46 | H33: 1617.4 | I33: 2881.39 | J33: 4456.79 | K33: 7112.15 | L33: 12153.7 | M33: 17796.8 | N33: 23516.1
A34: OECD ENV-Growth 2023 | B34: Historical Reference | C34: Cote d'Ivoire | D34: GDP|PPP | E34: billion USD_2017/yr | F34: 49.4384 | G34: 50.752 | H34: 54.5038 | I34: 57.4146 | J34: 68.5415 | K34: 68.5426 | L34: 76.4838 | M34: 104.388 | N34: 136.53
A35: OECD ENV-Growth 2023 | B35: Historical Reference | C35: Cameroon | D35: GDP|PPP | E35: billion USD_2017/yr | F35: 29.0234 | G35: 45.3597 | H35: 40.2539 | I35: 36.6355 | J35: 45.6696 | K35: 56.0453 | L35: 65.6235 | M35: 83.2307 | N35: 97.3865
A36: OECD ENV-Growth 2023 | B36: Historical Reference | C36: Democratic Republic of the Congo | D36: GDP|PPP | E36: billion USD_2017/yr | H36: 62.9843 | I36: 45.4303 | J36: 34.8778 | K36: 44.3111 | L36: 58.8781 | M36: 86.1266 | N36: 99.8086
A37: OECD ENV-Growth 2023 | B37: Historical Reference | C37: Congo | D37: GDP|PPP | E37: billion USD_2017/yr | F37: 6.82911 | G37: 7.7001 | H37: 12.041 | I37: 13.4714 | J37: 16.1869 | K37: 17.0355 | L37: 22.4127 | M37: 25.7383 | N37: 21.3772
A38: OECD ENV-Growth 2023 | B38: Historical Reference | C38: Colombia | D38: GDP|PPP | E38: billion USD_2017/yr | F38: 196.509 | G38: 219.811 | H38: 277.367 | I38: 349.784 | J38: 334.256 | K38: 399.28 | L38: 496.451 | M38: 624.056 | N38: 633.845
A39: OECD ENV-Growth 2023 | B39: Historical Reference | C39: Comoros | D39: GDP|PPP | E39: billion USD_2017/yr | F39: 0.936811 | G39: 1.13592 | H39: 1.3266 | I39: 1.38956 | J39: 1.46829 | K39: 1.80066 | L39: 1.98487 | M39: 2.30089 | N39: 2.59785
A40: OECD ENV-Growth 2023 | B40: Historical Reference | C40: Cabo Verde | D40: GDP|PPP | E40: billion USD_2017/yr | F40: 0.595205 | G40: 0.819637 | H40: 0.9922 | I40: 1.27876 | J40: 1.91039 | K40: 2.54831 | L40: 3.43928 | M40: 3.69543 | N40: 3.59291
A41: OECD ENV-Growth 2023 | B41: Historical Reference | C41: Costa Rica | D41: GDP|PPP | E41: billion USD_2017/yr | F41: 24.4038 | G41: 24.7506 | H41: 30.9849 | I41: 40.3419 | J41: 45.9496 | K41: 55.702 | L41: 70.7683 | M41: 85.2418 | N41: 93.0789
A42: OECD ENV-Growth 2023 | B42: Historical Reference | C42: Cuba | D42: GDP|PPP | E42: billion USD_2017/yr | F42: 30.2401 | G42: 45.5664 | H42: 45.1072 | I42: 31.2872 | J42: 39.0652 | K42: 49.9107 | L42: 64.886 | M42: 74.5094 | N42: 69.3115
A43: OECD ENV-Growth 2023 | B43: Historical Reference | C43: Cyprus | D43: GDP|PPP | E43: billion USD_2017/yr | F43: 7.8671 | G43: 10.3443 | H43: 14.4358 | I43: 18.6436 | J43: 22.8744 | K43: 27.873 | L43: 31.863 | M43: 29.3138 | N43: 35.221
A44: OECD ENV-Growth 2023 | B44: Historical Reference | C44: Czechia | D44: GDP|PPP | E44: billion USD_2017/yr | H44: 271.558 | I44: 234.852 | J44: 240.224 | K44: 290.555 | L44: 328.393 | M44: 357.651 | N44: 387.56
A45: OECD ENV-Growth 2023 | B45: Historical Reference | C45: Germany | D45: GDP|PPP | E45: billion USD_2017/yr | F45: 2316.44 | G45: 2485.12 | H45: 2921.95 | I45: 3216.22 | J45: 3284.5 | K45: 3368.11 | L45: 3569.26 | M45: 3885.63 | N45: 3998.7
A46: OECD ENV-Growth 2023 | B46: Historical Reference | C46: Djibouti | D46: GDP|PPP | E46: billion USD_2017/yr | H46: 2.52847 | I46: 2.15848 | J46: 2.13007 | K46: 2.44775 | L46: 3.01724 | M46: 4.09931 | N46: 5.18857
A47: OECD ENV-Growth 2023 | B47: Historical Reference | C47: Denmark | D47: GDP|PPP | E47: billion USD_2017/yr | F47: 163.197 | G47: 186.822 | H47: 200.641 | I47: 225.117 | J47: 242.15 | K47: 258.716 | L47: 261.454 | M47: 278.749 | N47: 298.886
A48: OECD ENV-Growth 2023 | B48: Historical Reference | C48: Dominican Republic | D48: GDP|PPP | E48: billion USD_2017/yr | F48: 35.0079 | G48: 38.4963 | H48: 44.2503 | I48: 57.8378 | J48: 78.9713 | K48: 93.6227 | L48: 123.927 | M48: 157.602 | N48: 184.447
A49: OECD ENV-Growth 2023 | B49: Historical Reference | C49: Algeria | D49: GDP|PPP | E49: billion USD_2017/yr | F49: 168.229 | G49: 216.694 | H49: 222.545 | I49: 225.067 | J49: 265.913 | K49: 342.465 | L49: 388.032 | M49: 456.849 | N49: 463.722
A50: OECD ENV-Growth 2023 | B50: Historical Reference | C50: Ecuador | D50: GDP|PPP | E50: billion USD_2017/yr | F50: 67.4332 | G50: 74.9746 | H50: 82.9476 | I50: 98.2366 | J50: 103.684 | K50: 131.395 | L50: 155.229 | M50: 192.865 | N50: 182.165
A51: OECD ENV-Growth 2023 | B51: Historical Reference | C51: Egypt | D51: GDP|PPP | E51: billion USD_2017/yr | F51: 216.864 | G51: 300.443 | H51: 359.77 | I51: 412.698 | J51: 551.319 | K51: 660.893 | L51: 891.814 | M51: 1029.48 | N51: 1288.66
A52: OECD ENV-Growth 2023 | B52: Historical Reference | C52: Eritrea | D52: GDP|PPP | E52: billion USD_2017/yr | I52: 3.78326 | J52: 3.98886 | K52: 4.52649 | L52: 4.55499 | M52: 5.42952 | N52: 6.1255
A53: OECD ENV-Growth 2023 | B53: Historical Reference | C53: Western Sahara | D53: GDP|PPP | E53: billion USD_2017/yr | N53: 0.982153
A54: OECD ENV-Growth 2023 | B54: Historical Reference | C54: Spain | D54: GDP|PPP | E54: billion USD_2017/yr | F54: 801.702 | G54: 859.17 | H54: 1070.56 | I54: 1153.66 | J54: 1316.71 | K54: 1547.53 | L54: 1623.17 | M54: 1621.84 | N54: 1594.61
A55: OECD ENV-Growth 2023 | B55: Historical Reference | C55: Estonia | D55: GDP|PPP | E55: billion USD_2017/yr | I55: 18.3139 | J55: 23.2537 | K55: 33.083 | L55: 32.5328 | M55: 38.356 | N55: 44.7008
A56: OECD ENV-Growth 2023 | B56: Historical Reference | C56: Ethiopia | D56: GDP|PPP | E56: billion USD_2017/yr | F56: 29.6188 | G56: 27.9105 | H56: 35.8101 | I56: 37.6799 | J56: 49.2136 | K56: 66.1237 | L56: 111.513 | M56: 180.711 | N56: 267.897
A57: OECD ENV-Growth 2023 | B57: Historical Reference | C57: Finland | D57: GDP|PPP | E57: billion USD_2017/yr | F57: 121.535 | G57: 139.042 | H57: 164.339 | I57: 160.986 | J57: 194.702 | K57: 221.525 | L57: 231.981 | M57: 232.865 | N57: 246.971
A58: OECD ENV-Growth 2023 | B58: Historical Reference | C58: Fiji | D58: GDP|PPP | E58: billion USD_2017/yr | F58: 4.78472 | G58: 5.09132 | H58: 6.28009 | I58: 7.17252 | J58: 7.94072 | K58: 8.75679 | L58: 9.07023 | M58: 10.9189 | N58: 10.0903
A59: OECD ENV-Growth 2023 | B59: Historical Reference | C59: France | D59: GDP|PPP | E59: billion USD_2017/yr | F59: 1537.29 | G59: 1665.42 | H59: 1965.34 | I59: 2096.51 | J59: 2283.48 | K59: 2477.34 | L59: 2580.44 | M59: 2719.94 | N59: 2695.32
A60: OECD ENV-Growth 2023 | B60: Historical Reference | C60: Micronesia | D60: GDP|PPP | E60: billion USD_2017/yr | H60: 0.288449 | I60: 0.326602 | J60: 0.325235 | K60: 0.334801 | L60: 0.332068 | M60: 0.330701 | N60: 0.337534
A61: OECD ENV-Growth 2023 | B61: Historical Reference | C61: Gabon | D61: GDP|PPP | E61: billion USD_2017/yr | F61: 14.6626 | G61: 16.588 | H61: 17.2586 | I61: 20.0874 | J61: 20.3481 | K61: 21.2473 | L61: 23.4133 | M61: 30.2094 | N61: 31.8749
A62: OECD ENV-Growth 2023 | B62: Historical Reference | C62: United Kingdom | D62: GDP|PPP | E62: billion USD_2017/yr | F62: 1342.44 | G62: 1506.67 | H62: 1777.11 | I62: 1901.7 | J62: 2166.2 | K62: 2455.11 | L62: 2509.92 | M62: 2767.2 | N62: 2674.93
A63: OECD ENV-Growth 2023 | B63: Historical Reference | C63: Georgia | D63: GDP|PPP | E63: billion USD_2017/yr | H63: 53.832 | I63: 15.2101 | J63: 20.0643 | K63: 28.5577 | L63: 36.8643 | M63: 46.9573 | N63: 51.9928
A64: OECD ENV-Growth 2023 | B64: Historical Reference | C64: Ghana | D64: GDP|PPP | E64: billion USD_2017/yr | F64: 27.9217 | G64: 26.9013 | H64: 35.132 | I64: 43.4698 | J64: 54.7883 | K64: 70.0428 | L64: 95.7687 | M64: 133.286 | N64: 169.382
A65: OECD ENV-Growth 2023 | B65: Historical Reference | C65: Guinea | D65: GDP|PPP | E65: billion USD_2017/yr | F65: 7.05608 | G65: 7.79449 | H65: 9.57644 | I65: 11.5928 | J65: 14.048 | K65: 16.3436 | L65: 19.0676 | M65: 23.8696 | N65: 34.3172
A66: OECD ENV-Growth 2023 | B66: Historical Reference | C66: Gambia | D66: GDP|PPP | E66: billion USD_2017/yr | F66: 1.5884 | G66: 1.88636 | H66: 2.22621 | I66: 2.39859 | J66: 2.99333 | K66: 3.42144 | L66: 4.20845 | M66: 4.29434 | N66: 5.25804
A67: OECD ENV-Growth 2023 | B67: Historical Reference | C67: Guinea-Bissau | D67: GDP|PPP | E67: billion USD_2017/yr | F67: 1.37692 | G67: 1.51749 | H67: 1.74108 | I67: 2.10974 | J67: 2.12491 | K67: 2.48107 | L67: 2.95429 | M67: 3.4726 | N67: 4.21739
A68: OECD ENV-Growth 2023 | B68: Historical Reference | C68: Equatorial Guinea | D68: GDP|PPP | E68: billion USD_2017/yr | F68: 0.214617 | G68: 0.277827 | H68: 0.294629 | I68: 0.631675 | J68: 7.94202 | K68: 24.5513 | L68: 32.7741 | M68: 33.0858 | N68: 24.0139
A69: OECD ENV-Growth 2023 | B69: Historical Reference | C69: Greece | D69: GDP|PPP | E69: billion USD_2017/yr | F69: 231.052 | G69: 232.628 | H69: 247.407 | I69: 263.221 | J69: 298.11 | K69: 360.719 | L69: 354.829 | M69: 289.575 | N69: 274.319
A70: OECD ENV-Growth 2023 | B70: Historical Reference | C70: Grenada | D70: GDP|PPP | E70: billion USD_2017/yr | F70: 0.540159 | G70: 0.648646 | H70: 0.845136 | I70: 0.867895 | J70: 1.19411 | K70: 1.49075 | L70: 1.42474 | M70: 1.65917 | N70: 1.62882
A71: OECD ENV-Growth 2023 | B71: Historical Reference | C71: Guatemala | D71: GDP|PPP | E71: billion USD_2017/yr | F71: 47.8364 | G71: 45.2237 | H71: 52.2051 | I71: 62.8409 | J71: 74.7689 | K71: 87.4485 | L71: 104.609 | M71: 126.496 | N71: 141.426
A72: OECD ENV-Growth 2023 | B72: Historical Reference | C72: French Guiana | D72: GDP|PPP | E72: billion USD_2017/yr | N72: 10.1871
A73: OECD ENV-Growth 2023 | B73: Historical Reference | C73: Guam | D73: GDP|PPP | E73: billion USD_2017/yr | N73: 3.6185
A74: OECD ENV-Growth 2023 | B74: Historical Reference | C74: Guyana | D74: GDP|PPP | E74: billion USD_2017/yr | F74: 5.01556 | G74: 4.16933 | H74: 3.60083 | I74: 5.07306 | J74: 5.80755 | K74: 5.94367 | L74: 7.35349 | M74: 8.64287 | N74: 14.6932
A75: OECD ENV-Growth 2023 | B75: Historical Reference | C75: Hong Kong | D75: GDP|PPP | E75: billion USD_2017/yr | F75: 85.755 | G75: 113.155 | H75: 164.276 | I75: 212.665 | J75: 242.049 | K75: 297.664 | L75: 360.762 | M75: 417.17 | N75: 418.13
A76: OECD ENV-Growth 2023 | B76: Historical Reference | C76: Honduras | D76: GDP|PPP | E76: billion USD_2017/yr | F76: 14.9459 | G76: 16.3838 | H76: 19.7719 | I76: 22.9786 | J76: 27.0131 | K76: 33.9104 | L76: 40.4809 | M76: 48.1471 | N76: 50.8937
A77: OECD ENV-Growth 2023 | B77: Historical Reference | C77: Croatia | D77: GDP|PPP | E77: billion USD_2017/yr | I77: 69.2374 | J77: 81.8449 | K77: 102.479 | L77: 105.526 | M77: 104.702 | N77: 109.043
A78: OECD ENV-Growth 2023 | B78: Historical Reference | C78: Haiti | D78: GDP|PPP | E78: billion USD_2017/yr | F78: 24.9321 | G78: 24.3547 | H78: 24.0687 | I78: 22.0037 | J78: 24.9153 | K78: 26.4094 | L78: 28.8623 | M78: 33.1815 | N78: 33.4581
A79: OECD ENV-Growth 2023 | B79: Historical Reference | C79: Hungary | D79: GDP|PPP | E79: billion USD_2017/yr | F79: 172.7 | G79: 188.432 | H79: 193.403 | I79: 171.569 | J79: 192.943 | K79: 239.719 | L79: 238.263 | M79: 263.752 | N79: 296.465
A80: OECD ENV-Growth 2023 | B80: Historical Reference | C80: Indonesia | D80: GDP|PPP | E80: billion USD_2017/yr | F80: 433.455 | G80: 555.402 | H80: 794.147 | I80: 1157.74 | J80: 1212.19 | K80: 1527.1 | L80: 2023.05 | M80: 2647.4 | N80: 3160.37
A81: OECD ENV-Growth 2023 | B81: Historical Reference | C81: India | D81: GDP|PPP | E81: billion USD_2017/yr | F81: 900.736 | G81: 1174.67 | H81: 1564.3 | I81: 1966.12 | J81: 2690.85 | K81: 3630.31 | L81: 5102.77 | M81: 6962.1 | N81: 8503.83
A82: OECD ENV-Growth 2023 | B82: Historical Reference | C82: Ireland | D82: GDP|PPP | E82: billion USD_2017/yr | F82: 66.8956 | G82: 75.8675 | H82: 95.4797 | I82: 119.752 | J82: 179.989 | K82: 236.323 | L82: 239.015 | M82: 325.448 | N82: 444.264
A83: OECD ENV-Growth 2023 | B83: Historical Reference | C83: Iran | D83: GDP|PPP | E83: billion USD_2017/yr | F83: 423.265 | G83: 516.626 | H83: 526.819 | I83: 608.372 | J83: 722.702 | K83: 935.464 | L83: 1138.11 | M83: 1145.96 | N83: 1259.81
A84: OECD ENV-Growth 2023 | B84: Historical Reference | C84: Iraq | D84: GDP|PPP | E84: billion USD_2017/yr | H84: 131.546 | I84: 86.6513 | J84: 85.4582 | K84: 208.715 | L84: 267.439 | M84: 364.322 | N84: 393.363
A85: OECD ENV-Growth 2023 | B85: Historical Reference | C85: Iceland | D85: GDP|PPP | E85: billion USD_2017/yr | F85: 6.78303 | G85: 7.60358 | H85: 8.88842 | I85: 9.0057 | J85: 11.021 | K85: 13.4705 | L85: 14.2436 | M85: 16.2784 | N85: 17.8739
A86: OECD ENV-Growth 2023 | B86: Historical Reference | C86: Israel | D86: GDP|PPP | E86: billion USD_2017/yr | F86: 74.1706 | G86: 86.5658 | H86: 107.332 | I86: 148.564 | J86: 182.781 | K86: 202.547 | L86: 249.487 | M86: 299.856 | N86: 348.266
A87: OECD ENV-Growth 2023 | B87: Historical Reference | C87: Italy | D87: GDP|PPP | E87: billion USD_2017/yr | F87: 1638.26 | G87: 1782.16 | H87: 2078.9 | I87: 2219.18 | J87: 2251.41 | K87: 2353.27 | L87: 2315.75 | M87: 2239.31 | N87: 2128.59
A88: OECD ENV-Growth 2023 | B88: Historical Reference | C88: Jamaica | D88: GDP|PPP | E88: billion USD_2017/yr | F88: 16.8054 | G88: 18.8476 | H88: 22.897 | I88: 25.3316 | J88: 25.1079 | K88: 27.1314 | L88: 26.742 | M88: 27.4397 | N88: 25.9695
A89: OECD ENV-Growth 2023 | B89: Historical Reference | C89: Jordan | D89: GDP|PPP | E89: billion USD_2017/yr | F89: 23.239 | G89: 29.9053 | H89: 29.4309 | I89: 37.6731 | J89: 44.2209 | K89: 60.6139 | L89: 82.2533 | M89: 94.1151 | N89: 100.371
A90: OECD ENV-Growth 2023 | B90: Historical Reference | C90: Japan | D90: GDP|PPP | E90: billion USD_2017/yr | F90: 2574.5 | G90: 3174.06 | H90: 4050.12 | I90: 4374.9 | J90: 4663.91 | K90: 4947.42 | L90: 4935.49 | M90: 5199.91 | N90: 5113.07
A91: OECD ENV-Growth 2023 | B91: Historical Reference | C91: Kazakhstan | D91: GDP|PPP | E91: billion USD_2017/yr | H91: 220.3 | I91: 135.678 | J91: 153.405 | K91: 251.231 | L91: 339.722 | M91: 427.787 | N91: 475.182
A92: OECD ENV-Growth 2023 | B92: Historical Reference | C92: Kenya | D92: GDP|PPP | E92: billion USD_2017/yr | F92: 56.5592 | G92: 66.4441 | H92: 86.8775 | I92: 93.0341 | J92: 103.079 | K92: 122.583 | L92: 155.136 | M92: 195.128 | N92: 233.85
A93: OECD ENV-Growth 2023 | B93: Historical Reference | C93: Kyrgyzstan | D93: GDP|PPP | E93: billion USD_2017/yr | H93: 22.6512 | I93: 11.5688 | J93: 15.1986 | K93: 18.3013 | L93: 22.5598 | M93: 28.6233 | N93: 31.4309
A94: OECD ENV-Growth 2023 | B94: Historical Reference | C94: Cambodia | D94: GDP|PPP | E94: billion USD_2017/yr | H94: 9.16976 | I94: 12.6003 | J94: 17.9414 | K94: 28.1469 | L94: 38.882 | M94: 55.0034 | N94: 70.116
A95: OECD ENV-Growth 2023 | B95: Historical Reference | C95: Kiribati | D95: GDP|PPP | E95: billion USD_2017/yr | F95: 0.135545 | G95: 0.129494 | H95: 0.137966 | I95: 0.142807 | J95: 0.164591 | K95: 0.176693 | L95: 0.176693 | M95: 0.21421 | N95: 0.21542
A96: OECD ENV-Growth 2023 | B96: Historical Reference | C96: South Korea | D96: GDP|PPP | E96: billion USD_2017/yr | F96: 208.955 | G96: 328.155 | H96: 542.568 | I96: 817.103 | J96: 1053.72 | K96: 1347.11 | L96: 1663.72 | M96: 1933.58 | N96: 2145.25
A97: OECD ENV-Growth 2023 | B97: Historical Reference | C97: Kuwait | D97: GDP|PPP | E97: billion USD_2017/yr | F97: 83.3189 | G97: 64.8349 | H97: 63.5902 | I97: 102.335 | J97: 112.452 | K97: 166.079 | L97: 175.952 | M97: 210.319 | N97: 191.521
A98: OECD ENV-Growth 2023 | B98: Historical Reference | C98: Laos | D98: GDP|PPP | E98: billion USD_2017/yr | F98: 4.90032 | G98: 7.07993 | H98: 8.43691 | I98: 11.5076 | J98: 15.1826 | K98: 20.6784 | L98: 30.3869 | M98: 44.1125 | N98: 55.8677
A99: OECD ENV-Growth 2023 | B99: Historical Reference | C99: Lebanon | D99: GDP|PPP | E99: billion USD_2017/yr | F99: 48.434 | G99: 67.8391 | H99: 26.5243 | I99: 47.1513 | J99: 56.3257 | K99: 66.6195 | L99: 96.0008 | M99: 106.168 | N99: 73.6199
A100: OECD ENV-Growth 2023 | B100: Historical Reference | C100: Liberia | D100: GDP|PPP | E100: billion USD_2017/yr | J100: 4.57113 | K100: 3.83385 | L100: 5.58322 | M100: 7.14715 | N100: 6.89915
...

Sheet INC_PPP_base
A1: Model | B1: Scenario | C1: Region | D1: Variable | E1: Unit | F1: 1980 | G1: 1985 | H1: 1990 | I1: 1995 | J1: 2000 | K1: 2005 | L1: 2010 | M1: 2015 | N1: 2020
A2: OECD ENV-Growth 2023 | B2: Historical Reference | C2: Aruba | D2: GDP|PPP [per capita] | E2: USD_2017/yr | H2: 32210.5 | I2: 37381.9 | J2: 38995.2 | K2: 41011.1 | L2: 35223.4 | M2: 38208.8 | N2: 29212.7
A3: OECD ENV-Growth 2023 | B3: Historical Reference | C3: Angola | D3: GDP|PPP [per capita] | E3: USD_2017/yr | H3: 5793.08 | I3: 4214.83 | J3: 4704.03 | K3: 6172.74 | L3: 7683.57 | M3: 7960.42 | N3: 6121.6
A4: OECD ENV-Growth 2023 | B4: Historical Reference | C4: Albania | D4: GDP|PPP [per capita] | E4: USD_2017/yr | F4: 5048.15 | G4: 5172.56 | H4: 5082 | I4: 4448.18 | J4: 5862.55 | K4: 8182.45 | L4: 11015.2 | M4: 12166.2 | N4: 13446
A5: OECD ENV-Growth 2023 | B5: Historical Reference | C5: United Arab Emirates | D5: GDP|PPP [per capita] | E5: USD_2017/yr | F5: 167558 | G5: 119128 | H5: 102387 | I5: 96764.7 | J5: 96805.1 | K5: 96157.5 | L5: 56626.7 | M5: 68076.7 | N5: 67959.1
A6: OECD ENV-Growth 2023 | B6: Historical Reference | C6: Argentina | D6: GDP|PPP [per capita] | E6: USD_2017/yr | F6: 18307.7 | G6: 15225.3 | H6: 14134 | I6: 17300.8 | J6: 15558.6 | K6: 16241.7 | L6: 19605.2 | M6: 20043.5 | N6: 16713.6
A7: OECD ENV-Growth 2023 | B7: Historical Reference | C7: Armenia | D7: GDP|PPP [per capita] | E7: USD_2017/yr | H7: 5153.3 | I7: 2915.36 | J7: 3858.03 | K7: 7248.78 | L7: 9058.31 | M7: 11504.8 | N7: 13339.2
A8: OECD ENV-Growth 2023 | B8: Historical Reference | C8: Antigua and Barbuda | D8: GDP|PPP [per capita] | E8: USD_2017/yr | F8: 8472.95 | G8: 10958.1 | H8: 15263.6 | I8: 15688.9 | J8: 18541.3 | K8: 20073.2 | L8: 18702.5 | M8: 19343.3 | N8: 18846
A9: OECD ENV-Growth 2023 | B9: Historical Reference | C9: Australia | D9: GDP|PPP [per capita] | E9: USD_2017/yr | F9: 26525.1 | G9: 28667.2 | H9: 31440.7 | I9: 34033.4 | J9: 37780.1 | K9: 42042.3 | L9: 44185.9 | M9: 46669.7 | N9: 47086.7
A10: OECD ENV-Growth 2023 | B10: Historical Reference | C10: Austria | D10: GDP|PPP [per capita] | E10: USD_2017/yr | F10: 30439.5 | G10: 32680.3 | H10: 37367.6 | I10: 40298.1 | J10: 43721.2 | K10: 46453.7 | L10: 48782.6 | M10: 49870.5 | N10: 48964
A11: OECD ENV-Growth 2023 | B11: Historical Reference | C11: Azerbaijan | D11: GDP|PPP [per capita] | E11: USD_2017/yr | H11: 7357.84 | I11: 3044.55 | J11: 4107.01 | K11: 6891.92 | L11: 13794.7 | M11: 14531.5 | N11: 13493.3
A12: OECD ENV-Growth 2023 | B12: Historical Reference | C12: Burundi | D12: GDP|PPP [per capita] | E12: USD_2017/yr | F12: 864.214 | G12: 970.733 | H12: 1050.77 | I12: 861.665 | J12: 807.529 | K12: 796.059 | L12: 804.308 | M12: 781.532 | N12: 721.399
A13: OECD ENV-Growth 2023 | B13: Historical Reference | C13: Belgium | D13: GDP|PPP [per capita] | E13: USD_2017/yr | F13: 29509.1 | G13: 30767.7 | H13: 35534.8 | I13: 37939.9 | J13: 40142.2 | K13: 43133.8 | L13: 44886.3 | M13: 46306.2 | N13: 45791.7
A14: OECD ENV-Growth 2023 | B14: Historical Reference | C14: Benin | D14: GDP|PPP [per capita] | E14: USD_2017/yr | F14: 2432.45 | G14: 2244.96 | H14: 2129.43 | I14: 2221.32 | J14: 2431.44 | K14: 2528.67 | L14: 2634.13 | M14: 2849.81 | N14: 3231.54
A15: OECD ENV-Growth 2023 | B15: Historical Reference | C15: Burkina Faso | D15: GDP|PPP [per capita] | E15: USD_2017/yr | F15: 966.684 | G15: 976.86 | H15: 987.535 | I15: 1055.16 | J15: 1273.35 | K15: 1484.74 | L15: 1670.54 | M15: 1872.57 | N15: 2133.48
A16: OECD ENV-Growth 2023 | B16: Historical Reference | C16: Bangladesh | D16: GDP|PPP [per capita] | E16: USD_2017/yr | F16: 1645.75 | G16: 1727.48 | H16: 1857.99 | I16: 2095.14 | J16: 2420.67 | K16: 2843.52 | L16: 3625.4 | M16: 4631.24 | N16: 6005.84
A17: OECD ENV-Growth 2023 | B17: Historical Reference | C17: Bulgaria | D17: GDP|PPP [per capita] | E17: USD_2017/yr | F17: 12683.2 | G17: 15371.9 | H17: 15963.2 | I17: 11302.9 | J17: 10631.6 | K17: 14530.2 | L17: 17745.9 | M17: 19691.2 | N17: 22273.4
A18: OECD ENV-Growth 2023 | B18: Historical Reference | C18: Bahrain | D18: GDP|PPP [per capita] | E18: USD_2017/yr | F18: 43759.8 | G18: 44118.5 | H18: 40721.7 | I18: 42631.8 | J18: 46150.3 | K18: 46818.4 | L18: 45598.6 | M18: 48452.1 | N18: 47462.1
A19: OECD ENV-Growth 2023 | B19: Historical Reference | C19: Bahamas | D19: GDP|PPP [per capita] | E19: USD_2017/yr | F19: 31817.2 | G19: 34018.8 | H19: 34760.7 | I19: 31259.2 | J19: 36824.7 | K19: 37355.8 | L19: 34400.6 | M19: 34022.5 | N19: 26176.8
A20: OECD ENV-Growth 2023 | B20: Historical Reference | C20: Bosnia and Herzegovina | D20: GDP|PPP [per capita] | E20: USD_2017/yr | I20: 2834.41 | J20: 6671.65 | K20: 8424.15 | L20: 10698.4 | M20: 12517.8 | N20: 14582.4
A21: OECD ENV-Growth 2023 | B21: Historical Reference | C21: Belarus | D21: GDP|PPP [per capita] | E21: USD_2017/yr | H21: 8691.16 | I21: 5667.9 | J21: 7848.33 | K21: 11635.5 | L21: 16898.3 | M21: 17909.6 | N21: 18677.7
A22: OECD ENV-Growth 2023 | B22: Historical Reference | C22: Belize | D22: GDP|PPP [per capita] | E22: USD_2017/yr | F22: 4002.53 | G22: 3834.89 | H22: 6392.23 | I22: 7671.54 | J22: 8702.18 | K22: 9648 | L22: 8989.07 | M22: 9388.08 | N22: 7752.25
A23: OECD ENV-Growth 2023 | B23: Historical Reference | C23: Bolivia | D23: GDP|PPP [per capita] | E23: USD_2017/yr | F23: 5424.3 | G23: 4420.36 | H23: 4437.81 | I23: 4909.05 | J23: 5305.53 | K23: 5660.5 | L23: 6499.85 | M23: 7825.8 | N23: 7727.7
A24: OECD ENV-Growth 2023 | B24: Historical Reference | C24: Brazil | D24: GDP|PPP [per capita] | E24: USD_2017/yr | F24: 10916.2 | G24: 10396.3 | H24: 10358.2 | I24: 11105.6 | J24: 11277.8 | K24: 12272.2 | L24: 14512.3 | M24: 14699.4 | N24: 13811.4
A25: OECD ENV-Growth 2023 | B25: Historical Reference | C25: Barbados | D25: GDP|PPP [per capita] | E25: USD_2017/yr | F25: 13146 | G25: 12693.2 | H25: 14139.2 | I25: 13264.5 | J25: 15563.8 | K25: 16201.3 | L25: 16031.1 | M25: 15796.4 | N25: 13828.8
A26: OECD ENV-Growth 2023 | B26: Historical Reference | C26: Brunei Darussalam | D26: GDP|PPP [per capita] | E26: USD_2017/yr | G26: 82686.5 | H26: 70356.8 | I26: 71961.8 | J26: 68864.5 | K26: 69480.2 | L26: 66482 | M26: 62160.1 | N26: 61858.3
A27: OECD ENV-Growth 2023 | B27: Historical Reference | C27: Bhutan | D27: GDP|PPP [per capita] | E27: USD_2017/yr | F27: 1320.7 | G27: 1676.79 | H27: 2517.48 | I27: 3191.77 | J27: 3893.28 | K27: 5035.1 | L27: 7357.5 | M27: 9347.11 | N27: 10910.1
A28: OECD ENV-Growth 2023 | B28: Historical Reference | C28: Botswana | D28: GDP|PPP [per capita] | E28: USD_2017/yr | F28: 5178.78 | G28: 6798.97 | H28: 10120.5 | I28: 10437 | J28: 11346.2 | K28: 12768.6 | L28: 12653.3 | M28: 13682.6 | N28: 13668.3
A29: OECD ENV-Growth 2023 | B29: Historical Reference | C29: Central African Republic | D29: GDP|PPP [per capita] | E29: USD_2017/yr | F29: 1187.11 | G29: 1310.59 | H29: 1366.3 | I29: 1267.72 | J29: 1106.71 | K29: 1040.84 | L29: 1130.82 | M29: 794.99 | N29: 858.802
A30: OECD ENV-Growth 2023 | B30: Historical Reference | C30: Canada | D30: GDP|PPP [per capita] | E30: USD_2017/yr | F30: 30107.3 | G30: 32556.1 | H30: 34605.3 | I30: 35564.7 | J30: 38860.7 | K30: 42035.5 | L30: 42221.4 | M30: 44633.5 | N30: 43696.3
A31: OECD ENV-Growth 2023 | B31: Historical Reference | C31: Switzerland | D31: GDP|PPP [per capita] | E31: USD_2017/yr | F31: 47931.5 | G31: 50480.5 | H31: 56288.9 | I31: 54017.2 | J31: 57470.4 | K31: 59459.1 | L31: 63284.8 | M31: 65250.4 | N31: 66108.7
A32: OECD ENV-Growth 2023 | B32: Historical Reference | C32: Chile | D32: GDP|PPP [per capita] | E32: USD_2017/yr | F32: 8463.05 | G32: 7585 | H32: 9289.1 | I32: 13039.2 | J32: 14338.7 | K32: 17063.8 | L32: 19686.1 | M32: 22687.1 | N32: 21366.2
A33: OECD ENV-Growth 2023 | B33: Historical Reference | C33: China | D33: GDP|PPP [per capita] | E33: USD_2017/yr | F33: 677.999 | G33: 1044.54 | H33: 1401.92 | I33: 2365.39 | J33: 3525.67 | K33: 5450.39 | L33: 9014.81 | M33: 12769.3 | N33: 16514.2
A34: OECD ENV-Growth 2023 | B34: Historical Reference | C34: Cote d'Ivoire | D34: GDP|PPP [per capita] | E34: USD_2017/yr | F34: 5953.71 | G34: 5093.5 | H34: 4576.1 | I34: 4015.09 | J34: 4079.93 | K34: 3613.17 | L34: 3621.39 | M34: 4423.82 | N34: 5156.43
A35: OECD ENV-Growth 2023 | B35: Historical Reference | C35: Cameroon | D35: GDP|PPP [per capita] | E35: USD_2017/yr | F35: 3406.54 | G35: 4626.53 | H35: 3521.62 | I35: 2772.97 | J35: 3026.16 | K35: 3244.27 | L35: 3301.31 | M35: 3616.74 | N35: 3725.98
A36: OECD ENV-Growth 2023 | B36: Historical Reference | C36: Democratic Republic of the Congo | D36: GDP|PPP [per capita] | E36: USD_2017/yr | H36: 1750.17 | I36: 1049.54 | J36: 717.41 | K36: 783.57 | L36: 886.836 | M36: 1094.97 | N36: 1092.81
A37: OECD ENV-Growth 2023 | B37: Historical Reference | C37: Congo | D37: GDP|PPP [per capita] | E37: USD_2017/yr | F37: 3733.27 | G37: 3733.27 | H37: 5047.73 | I37: 4912.43 | J37: 5164.88 | K37: 4638.22 | L37: 5050.31 | M37: 5082.22 | N37: 3793.45
A38: OECD ENV-Growth 2023 | B38: Historical Reference | C38: Colombia | D38: GDP|PPP [per capita] | E38: USD_2017/yr | F38: 7507.18 | G38: 7495.36 | H38: 8507.84 | I38: 9724.29 | J38: 8523.65 | K38: 9456.91 | L38: 11077.5 | M38: 13244 | N38: 12522.4
A39: OECD ENV-Growth 2023 | B39: Historical Reference | C39: Comoros | D39: GDP|PPP [per capita] | E39: USD_2017/yr | F39: 2853.28 | G39: 3023.84 | H39: 3077.11 | I39: 2872.41 | J39: 2735.46 | K39: 3038.13 | L39: 3025.59 | M39: 3150.97 | N39: 3254.12
A40: OECD ENV-Growth 2023 | B40: Historical Reference | C40: Cabo Verde | D40: GDP|PPP [per capita] | E40: USD_2017/yr | F40: 1876.22 | G40: 2411.58 | H40: 2721.57 | I40: 3108.44 | J40: 4168.89 | K40: 5170.78 | L40: 6598.59 | M40: 6692.56 | N40: 6195.38
A41: OECD ENV-Growth 2023 | B41: Historical Reference | C41: Costa Rica | D41: GDP|PPP [per capita] | E41: USD_2017/yr | F41: 10108 | G41: 8930.5 | H41: 9810.76 | I41: 11291.2 | J41: 11547.5 | K41: 12906.3 | L41: 15310.3 | M41: 17413.2 | N41: 18231.6
A42: OECD ENV-Growth 2023 | B42: Historical Reference | C42: Cuba | D42: GDP|PPP [per capita] | E42: USD_2017/yr | F42: 3082.86 | G42: 4489.72 | H42: 4244.71 | I42: 2863.37 | J42: 3517.55 | K42: 4438.04 | L42: 5747 | M42: 6570.55 | N42: 6128.75
A43: OECD ENV-Growth 2023 | B43: Historical Reference | C43: Cyprus | D43: GDP|PPP [per capita] | E43: USD_2017/yr | F43: 11580.7 | G43: 14138.1 | H43: 18308 | I43: 21617.8 | J43: 24123 | K43: 26876.9 | L43: 28205.1 | M43: 24689.8 | N43: 28547.3
A44: OECD ENV-Growth 2023 | B44: Historical Reference | C44: Czechia | D44: GDP|PPP [per capita] | E44: USD_2017/yr | H44: 26361.8 | I44: 22775.2 | J44: 23471.5 | K44: 28263.8 | L44: 31380.8 | M44: 33985 | N44: 36777.7
A45: OECD ENV-Growth 2023 | B45: Historical Reference | C45: Germany | D45: GDP|PPP [per capita] | E45: USD_2017/yr | F45: 29779.4 | G45: 32008.7 | H45: 36814.2 | I45: 39646.1 | J45: 40275 | K45: 41473 | L45: 43888.9 | M45: 47343.5 | N45: 48022.3
A46: OECD ENV-Growth 2023 | B46: Historical Reference | C46: Djibouti | D46: GDP|PPP [per capita] | E46: USD_2017/yr | H46: 4380.77 | I46: 3428.22 | J46: 2870.59 | K46: 2946.03 | L46: 3282.46 | M46: 4073.81 | N46: 4793.83
A47: OECD ENV-Growth 2023 | B47: Historical Reference | C47: Denmark | D47: GDP|PPP [per capita] | E47: USD_2017/yr | F47: 31840.8 | G47: 36492.6 | H47: 39000.1 | I47: 43000.7 | J47: 45340.8 | K47: 47590.3 | L47: 47101.6 | M47: 49094.5 | N47: 51436.4
A48: OECD ENV-Growth 2023 | B48: Historical Reference | C48: Dominican Republic | D48: GDP|PPP [per capita] | E48: USD_2017/yr | F48: 6082.19 | G48: 5998.36 | H48: 6207.08 | I48: 7349.37 | J48: 9246.37 | K48: 10215.5 | L48: 12677 | M48: 15145.5 | N48: 16860.9
A49: OECD ENV-Growth 2023 | B49: Historical Reference | C49: Algeria | D49: GDP|PPP [per capita] | E49: USD_2017/yr | F49: 8977.3 | G49: 9790.59 | H49: 8721.08 | I49: 7903.18 | J49: 8640.66 | K49: 10391.4 | L49: 10821.8 | M49: 11553.2 | N49: 10761.5
A50: OECD ENV-Growth 2023 | B50: Historical Reference | C50: Ecuador | D50: GDP|PPP [per capita] | E50: USD_2017/yr | F50: 8288.41 | G50: 8101.59 | H50: 7937.69 | I50: 8496.73 | J50: 8211.59 | K50: 9542.13 | L50: 10355.8 | M50: 11908.2 | N50: 10417.1
A51: OECD ENV-Growth 2023 | B51: Historical Reference | C51: Egypt | D51: GDP|PPP [per capita] | E51: USD_2017/yr | F51: 4957.05 | G51: 6004.56 | H51: 6288.07 | I51: 6431.63 | J51: 7724.65 | K51: 8357.77 | L51: 10221.1 | M51: 10534.6 | N51: 12095.7
A52: OECD ENV-Growth 2023 | B52: Historical Reference | C52: Eritrea | D52: GDP|PPP [per capita] | E52: USD_2017/yr | I52: 1753.76 | J52: 1666.97 | K52: 1598.49 | L52: 1447.07 | M52: 1625.6 | N52: 1738.39
A53: OECD ENV-Growth 2023 | B53: Historical Reference | C53: Western Sahara | D53: GDP|PPP [per capita] | E53: USD_2017/yr | N53: 1781.7
A54: OECD ENV-Growth 2023 | B54: Historical Reference | C54: Spain | D54: GDP|PPP [per capita] | E54: USD_2017/yr | F54: 21383.5 | G54: 22332.4 | H54: 27528 | I54: 28975.9 | J54: 32318.5 | K54: 35424.4 | L54: 34852.3 | M54: 34929.9 | N54: 33691.3
A55: OECD ENV-Growth 2023 | B55: Historical Reference | C55: Estonia | D55: GDP|PPP [per capita] | E55: USD_2017/yr | I55: 12606.1 | J55: 16647 | K55: 24421.5 | L55: 24432.5 | M55: 29175.7 | N55: 33632.8
A56: OECD ENV-Growth 2023 | B56: Historical Reference | C56: Ethiopia | D56: GDP|PPP [per capita] | E56: USD_2017/yr | F56: 847.572 | G56: 692.809 | H56: 747.943 | I56: 655.57 | J56: 734.182 | K56: 853.54 | L56: 1249.62 | M56: 1763.52 | N56: 2316.68
A57: OECD ENV-Growth 2023 | B57: Historical Reference | C57: Finland | D57: GDP|PPP [per capita] | E57: USD_2017/yr | F57: 25428.7 | G57: 28363.4 | H57: 32956.6 | I57: 31516.8 | J57: 37614.7 | K57: 42226.8 | L57: 43253.7 | M57: 42497.7 | N57: 44698.9
A58: OECD ENV-Growth 2023 | B58: Historical Reference | C58: Fiji | D58: GDP|PPP [per capita] | E58: USD_2017/yr | F58: 7422.95 | G58: 6998.71 | H58: 8046.93 | I58: 9053.38 | J58: 9538.32 | K58: 10008.6 | L58: 10020.5 | M58: 11904.6 | N58: 10990.5
A59: OECD ENV-Growth 2023 | B59: Historical Reference | C59: France | D59: GDP|PPP [per capita] | E59: USD_2017/yr | F59: 28619.9 | G59: 30221 | H59: 34838.5 | I59: 36511.7 | J59: 38923.8 | K59: 40941 | L59: 41323.7 | M59: 42625.7 | N59: 41815.3
A60: OECD ENV-Growth 2023 | B60: Historical Reference | C60: Micronesia | D60: GDP|PPP [per capita] | E60: USD_2017/yr | H60: 544.712 | I60: 563.903 | J60: 510.488 | K60: 524.772 | L60: 531.844 | M60: 522.005 | N60: 3024.8
A61: OECD ENV-Growth 2023 | B61: Historical Reference | C61: Gabon | D61: GDP|PPP [per capita] | E61: USD_2017/yr | F61: 19574.1 | G61: 19367.5 | H61: 17556.5 | I61: 17903.7 | J61: 15985.2 | K61: 14569.3 | L61: 13683.1 | M61: 14892.3 | N61: 14054.2
A62: OECD ENV-Growth 2023 | B62: Historical Reference | C62: United Kingdom | D62: GDP|PPP [per capita] | E62: USD_2017/yr | F62: 23833.3 | G62: 26599.3 | H62: 31062.7 | I62: 32827.4 | J62: 36808.7 | K62: 40658.4 | L62: 39992.3 | M62: 42425.8 | N62: 39953.4
A63: OECD ENV-Growth 2023 | B63: Historical Reference | C63: Georgia | D63: GDP|PPP [per capita] | E63: USD_2017/yr | H63: 9984.36 | I63: 3118.31 | J63: 4704.21 | K63: 7209.38 | L63: 9608.01 | M63: 12451.8 | N63: 13794.2
A64: OECD ENV-Growth 2023 | B64: Historical Reference | C64: Ghana | D64: GDP|PPP [per capita] | E64: USD_2017/yr | F64: 2353.23 | G64: 1970.58 | H64: 2274.36 | I64: 2492.69 | J64: 2786.01 | K64: 3113.43 | L64: 3744.66 | M64: 4616.62 | N64: 5318.26
A65: OECD ENV-Growth 2023 | B65: Historical Reference | C65: Guinea | D65: GDP|PPP [per capita] | E65: USD_2017/yr | F65: 1418.99 | G65: 1409.07 | H65: 1507.12 | I65: 1552.26 | J65: 1685.02 | K65: 1788.12 | L65: 1856.5 | M65: 2053.12 | N65: 2631.37
A66: OECD ENV-Growth 2023 | B66: Historical Reference | C66: Gambia | D66: GDP|PPP [per capita] | E66: USD_2017/yr | F66: 2210.44 | G66: 2203.79 | H66: 2139.31 | I66: 1930.98 | J66: 2082.25 | K66: 2060.65 | L66: 2172.35 | M66: 1905.94 | N66: 2069.24
A67: OECD ENV-Growth 2023 | B67: Historical Reference | C67: Guinea-Bissau | D67: GDP|PPP [per capita] | E67: USD_2017/yr | F67: 1656.01 | G67: 1685.93 | H67: 1788.38 | I67: 1888.38 | J67: 1726.37 | K67: 1798.24 | L67: 1885.05 | M67: 1941.17 | N67: 2115.78
A68: OECD ENV-Growth 2023 | B68: Historical Reference | C68: Equatorial Guinea | D68: GDP|PPP [per capita] | E68: USD_2017/yr | F68: 759.674 | G68: 734.251 | H68: 632.859 | I68: 1126.49 | J68: 11594.5 | K68: 28392 | L68: 29943.6 | M68: 24563.1 | N68: 15214.3
A69: OECD ENV-Growth 2023 | B69: Historical Reference | C69: Greece | D69: GDP|PPP [per capita] | E69: USD_2017/yr | F69: 24825.2 | G69: 23640.7 | H69: 24014.9 | I69: 24536.1 | J69: 27007.3 | K69: 32457.9 | L69: 32158.4 | M69: 26796 | N69: 26018.2
A70: OECD ENV-Growth 2023 | B70: Historical Reference | C70: Grenada | D70: GDP|PPP [per capita] | E70: USD_2017/yr | F70: 5695.29 | G70: 6449.05 | H70: 8532.33 | I70: 8340.1 | J70: 11115.2 | K70: 13520.9 | L70: 12493.3 | M70: 13944.1 | N70: 13225.4
A71: OECD ENV-Growth 2023 | B71: Historical Reference | C71: Guatemala | D71: GDP|PPP [per capita] | E71: USD_2017/yr | F71: 6845.73 | G71: 5701.29 | H71: 5746.43 | I71: 6063.92 | J71: 6370.96 | K71: 6658.78 | L71: 7193.01 | M71: 7905.43 | N71: 8207.59
A72: OECD ENV-Growth 2023 | B72: Historical Reference | C72: French Guiana | D72: GDP|PPP [per capita] | E72: USD_2017/yr | N72: 35395.2
A73: OECD ENV-Growth 2023 | B73: Historical Reference | C73: Guam | D73: GDP|PPP [per capita] | E73: USD_2017/yr | N73: 21465.1
A74: OECD ENV-Growth 2023 | B74: Historical Reference | C74: Guyana | D74: GDP|PPP [per capita] | E74: USD_2017/yr | F74: 6445.27 | G74: 5395.99 | H74: 4819.63 | I74: 6748.86 | J74: 7651.01 | K74: 7823.58 | L74: 9831.79 | M74: 11447 | N74: 18555.7
A75: OECD ENV-Growth 2023 | B75: Historical Reference | C75: Hong Kong | D75: GDP|PPP [per capita] | E75: USD_2017/yr | F75: 17224.9 | G75: 20909.3 | H75: 28136.4 | I75: 34059.9 | J75: 35959.2 | K75: 42910.4 | L75: 50580.4 | M75: 56375.6 | N75: 55736.4
A76: OECD ENV-Growth 2023 | B76: Historical Reference | C76: Honduras | D76: GDP|PPP [per capita] | E76: USD_2017/yr | F76: 3956.05 | G76: 3734.04 | H76: 3912.72 | I76: 3953.09 | J76: 4058.02 | K76: 4482.76 | L76: 4790.11 | M76: 5180.17 | N76: 5068.19
A77: OECD ENV-Growth 2023 | B77: Historical Reference | C77: Croatia | D77: GDP|PPP [per capita] | E77: USD_2017/yr | I77: 14403.2 | J77: 17994.1 | K77: 23134.6 | L77: 24155.1 | M77: 24607.9 | N77: 26501.1
A78: OECD ENV-Growth 2023 | B78: Historical Reference | C78: Haiti | D78: GDP|PPP [per capita] | E78: USD_2017/yr | F78: 4415.37 | G78: 3899.54 | H78: 3475.46 | I78: 2884.86 | J78: 2980.22 | K78: 2898.34 | L78: 2932.3 | M78: 3141.07 | N78: 2978.16
A79: OECD ENV-Growth 2023 | B79: Historical Reference | C79: Hungary | D79: GDP|PPP [per capita] | E79: USD_2017/yr | F79: 16142.2 | G79: 17873.1 | H79: 18639.4 | I79: 16613.4 | J79: 18912.2 | K79: 23796.9 | L79: 23857.8 | M79: 26792.5 | N79: 30344.1
A80: OECD ENV-Growth 2023 | B80: Historical Reference | C80: Indonesia | D80: GDP|PPP [per capita] | E80: USD_2017/yr | F80: 2925.25 | G80: 3350 | H80: 4359.61 | I80: 5843.02 | J80: 5662.52 | K80: 6674.24 | L80: 8290.66 | M80: 10218 | N80: 11669.4
A81: OECD ENV-Growth 2023 | B81: Historical Reference | C81: India | D81: GDP|PPP [per capita] | E81: USD_2017/yr | F81: 1292.62 | G81: 1505.52 | H81: 1797.11 | I81: 2038.95 | J81: 2539.41 | K81: 3144.11 | L81: 4113.1 | M81: 5262.89 | N81: 6118.01
A82: OECD ENV-Growth 2023 | B82: Historical Reference | C82: Ireland | D82: GDP|PPP [per capita] | E82: USD_2017/yr | F82: 19725.1 | G82: 21640.8 | H82: 27394.4 | I82: 33455.2 | J82: 47755.7 | K82: 57343.1 | L82: 52825.8 | M82: 69752.3 | N82: 90204.5
A83: OECD ENV-Growth 2023 | B83: Historical Reference | C83: Iran | D83: GDP|PPP [per capita] | E83: USD_2017/yr | F83: 10988 | G83: 10930.1 | H83: 9442.28 | I83: 10007 | J83: 11026.1 | K83: 13329 | L83: 15099.5 | M83: 14010.9 | N83: 14482.2
A84: OECD ENV-Growth 2023 | B84: Historical Reference | C84: Iraq | D84: GDP|PPP [per capita] | E84: USD_2017/yr | H84: 7449.47 | I84: 4136.33 | J84: 3469.84 | K84: 7272.62 | L84: 8553.99 | M84: 9648.91 | N84: 9356.22
A85: OECD ENV-Growth 2023 | B85: Historical Reference | C85: Iceland | D85: GDP|PPP [per capita] | E85: USD_2017/yr | F85: 29715.2 | G85: 31474.3 | H85: 34854 | I85: 33643.3 | J85: 39155.4 | K85: 45350.5 | L85: 44744.1 | M85: 49170.1 | N85: 49058.4
A86: OECD ENV-Growth 2023 | B86: Historical Reference | C86: Israel | D86: GDP|PPP [per capita] | E86: USD_2017/yr | F86: 19807.3 | G86: 20696.2 | H86: 22345.8 | I86: 27116.5 | J86: 29881 | K86: 30167.3 | L86: 34043.7 | M86: 37445.6 | N86: 40097
A87: OECD ENV-Growth 2023 | B87: Historical Reference | C87: Italy | D87: GDP|PPP [per capita] | E87: USD_2017/yr | F87: 29083.5 | G87: 31466.7 | H87: 36628.3 | I87: 39011.6 | J87: 39521.7 | K87: 40434.3 | L87: 38710.3 | M87: 37177.4 | N87: 35690.7
A88: OECD ENV-Growth 2023 | B88: Historical Reference | C88: Jamaica | D88: GDP|PPP [per capita] | E88: USD_2017/yr | F88: 7869.37 | G88: 8223.08 | H88: 9572.19 | I88: 10094.8 | J88: 9611.75 | K88: 10135.5 | L88: 9781.64 | M88: 9819.36 | N88: 9227.12
A89: OECD ENV-Growth 2023 | B89: Historical Reference | C89: Jordan | D89: GDP|PPP [per capita] | E89: USD_2017/yr | F89: 10482.6 | G89: 10868.8 | H89: 8455.72 | I89: 8450.3 | J89: 8745.92 | K89: 10674.2 | L89: 11867 | M89: 9912.85 | N89: 9278.97
A90: OECD ENV-Growth 2023 | B90: Historical Reference | C90: Japan | D90: GDP|PPP [per capita] | E90: USD_2017/yr | F90: 21887.5 | G90: 26206.1 | H90: 32745.1 | I90: 34878.1 | J90: 36780.5 | K90: 38712.7 | L90: 38526.8 | M90: 40863.4 | N90: 40727.7
A91: OECD ENV-Growth 2023 | B91: Historical Reference | C91: Kazakhstan | D91: GDP|PPP [per capita] | E91: USD_2017/yr | H91: 13061.3 | I91: 8255.8 | J91: 10068.4 | K91: 16046.7 | L91: 20430.9 | M91: 23984.6 | N91: 25193.8
A92: OECD ENV-Growth 2023 | B92: Historical Reference | C92: Kenya | D92: GDP|PPP [per capita] | E92: USD_2017/yr | F92: 3494.08 | G92: 3415.77 | H92: 3750.82 | I92: 3461.3 | J92: 3341.12 | K92: 3420 | L92: 3736.6 | M92: 4164.82 | N92: 4544.28
A93: OECD ENV-Growth 2023 | B93: Historical Reference | C93: Kyrgyzstan | D93: GDP|PPP [per capita] | E93: USD_2017/yr | H93: 5154.17 | I93: 2516.89 | J93: 3079.64 | K93: 3524.16 | L93: 4113.92 | M93: 4839.12 | N93: 4932.4
A94: OECD ENV-Growth 2023 | B94: Historical Reference | C94: Cambodia | D94: GDP|PPP [per capita] | E94: USD_2017/yr | H94: 1029.06 | I94: 1153.93 | J94: 1480.46 | K94: 2124.84 | L94: 2706.99 | M94: 3567.59 | N94: 4302.58
A95: OECD ENV-Growth 2023 | B95: Historical Reference | C95: Kiribati | D95: GDP|PPP [per capita] | E95: USD_2017/yr | F95: 2228.67 | G95: 1941.09 | H95: 1836.36 | I95: 1752.53 | J95: 1852.94 | K95: 1799.91 | L95: 1636.09 | M95: 1835.39 | N95: 1719.84
A96: OECD ENV-Growth 2023 | B96: Historical Reference | C96: South Korea | D96: GDP|PPP [per capita] | E96: USD_2017/yr | F96: 5474.26 | G96: 7958.6 | H96: 12297.5 | I96: 18000.5 | J96: 22520.9 | K96: 28129.5 | L96: 34083.5 | M96: 37917.5 | N96: 41367.6
A97: OECD ENV-Growth 2023 | B97: Historical Reference | C97: Kuwait | D97: GDP|PPP [per capita] | E97: USD_2017/yr | F97: 55773.6 | G97: 34322.7 | H97: 37965.6 | I97: 61825.3 | J97: 58117.7 | K97: 74295 | L97: 59779.2 | M97: 53807.3 | N97: 42861.5
A98: OECD ENV-Growth 2023 | B98: Historical Reference | C98: Laos | D98: GDP|PPP [per capita] | E98: USD_2017/yr | F98: 1486.07 | G98: 1892.22 | H98: 1955.5 | I98: 2335.42 | J98: 2795.62 | K98: 3532.98 | L98: 4805.45 | M98: 6499.16 | N98: 7689.29
A99: OECD ENV-Growth 2023 | B99: Historical Reference | C99: Lebanon | D99: GDP|PPP [per capita] | E99: USD_2017/yr | F99: 16342.4 | G99: 21024 | H99: 7380.79 | I99: 11908 | J99: 13036.4 | K99: 14348.2 | L99: 19216.3 | M99: 16591.6 | N99: 12928.2
A100: OECD ENV-Growth 2023 | B100: Historical Reference | C100: Liberia | D100: GDP|PPP [per capita] | E100: USD_2017/yr | J100: 1578.85 | K100: 1173.75 | L100: 1388.87 | M100: 1549.57 | N100: 1370.46
...

Sheet Elec_Access_base
A1: Data Source | B1: World Development Indicators
A2: Last Updated Date | B2: 45839
A4: Country Name | B4: Country Code | C4: Indicator Name | D4: Indicator Code | E4: 1960 | F4: 1961 | G4: 1962 | H4: 1963 | I4: 1964 | J4: 1965 | K4: 1966 | L4: 1967 | M4: 1968 | N4: 1969 | O4: 1970 | P4: 1971 | Q4: 1972 | R4: 1973 | S4: 1974 | T4: 1975 | U4: 1976 | V4: 1977 | W4: 1978 | X4: 1979 | Y4: 1980 | Z4: 1981 | AA4: 1982 | AB4: 1983 | AC4: 1984 | AD4: 1985 | AE4: 1986 | AF4: 1987 | AG4: 1988 | AH4: 1989 | AI4: 1990 | AJ4: 1991 | AK4: 1992 | AL4: 1993 | AM4: 1994 | AN4: 1995 | AO4: 1996 | AP4: 1997 | AQ4: 1998 | AR4: 1999 | AS4: 2000 | AT4: 2001 | AU4: 2002 | AV4: 2003 | AW4: 2004 | AX4: 2005 | AY4: 2006 | AZ4: 2007 | BA4: 2008 | BB4: 2009 | BC4: 2010 | BD4: 2011 | BE4: 2012 | BF4: 2013 | BG4: 2014 | BH4: 2015 | BI4: 2016 | BJ4: 2017 | BK4: 2018 | BL4: 2019 | BM4: 2020 | BN4: 2021 | BO4: 2022 | BP4: 2023 | BQ4: 2024
A5: Aruba | B5: ABW | C5: Access to electricity (% of population) | D5: EG.ELC.ACCS.ZS | AI5: 100 | AJ5: 99.153656 | AK5: 99.197128 | AL5: 99.239914 | AM5: 100 | AN5: 100 | AO5: 100 | AP5: 100 | AQ5: 100 | AR5: 100 | AS5: 91.7 | AT5: 100 | AU5: 100 | AV5: 100 | AW5: 100 | AX5: 100 | AY5: 100 | AZ5: 100 | BA5: 100 | BB5: 100 | BC5: 93.4 | BD5: 100 | BE5: 100 | BF5: 100 | BG5: 100 | BH5: 100 | BI5: 100 | BJ5: 100 | BK5: 100 | BL5: 100 | BM5: 100 | BN5: 100 | BO5: 99.9 | BP5: 100
A6: Africa Eastern and Southern | B6: AFE | C6: Access to electricity (% of population) | D6: EG.ELC.ACCS.ZS | AS6: 19.917256 | AT6: 19.944277 | AU6: 21.548647 | AV6: 22.493217 | AW6: 23.724455 | AX6: 23.449539 | AY6: 25.172482 | AZ6: 26.795145 | BA6: 25.908845 | BB6: 26.187846 | BC6: 27.414954 | BD6: 28.909756 | BE6: 31.673427 | BF6: 31.723574 | BG6: 31.871956 | BH6: 33.922276 | BI6: 38.859598 | BJ6: 40.223744 | BK6: 43.035073 | BL6: 44.390861 | BM6: 46.282371 | BN6: 48.127211 | BO6: 48.801258 | BP6: 50.66833
A7: Afghanistan | B7: AFG | C7: Access to electricity (% of population) | D7: EG.ELC.ACCS.ZS | AS7: 4.4 | AT7: 9.3 | AU7: 14.1 | AV7: 19 | AW7: 23.8 | AX7: 28.7 | AY7: 33.5 | AZ7: 38.4 | BA7: 42.4 | BB7: 48.3 | BC7: 42.7 | BD7: 43.2 | BE7: 69.1 | BF7: 68 | BG7: 89.5 | BH7: 71.5 | BI7: 97.7 | BJ7: 97.7 | BK7: 93.4 | BL7: 97.7 | BM7: 97.7 | BN7: 97.7 | BO7: 85.3 | BP7: 85.3
A8: Africa Western and Central | B8: AFW | C8: Access to electricity (% of population) | D8: EG.ELC.ACCS.ZS | AL8: 31.653469 | AM8: 32.692208 | AN8: 33.694835 | AO8: 32.697395 | AP8: 32.52392 | AQ8: 33.513504 | AR8: 34.893857 | AS8: 34.246116 | AT8: 35.323267 | AU8: 35.809111 | AV8: 39.960254 | AW8: 37.594502 | AX8: 37.93591 | AY8: 39.952904 | AZ8: 40.864862 | BA8: 41.866015 | BB8: 42.002485 | BC8: 41.95199 | BD8: 46.061967 | BE8: 44.1865 | BF8: 47.194503 | BG8: 47.767361 | BH8: 46.862418 | BI8: 51.045127 | BJ8: 48.900728 | BK8: 51.335829 | BL8: 51.291577 | BM8: 51.856043 | BN8: 54.368599 | BO8: 55.686683 | BP8: 57.069267
A9: Angola | B9: AGO | C9: Access to electricity (% of population) | D9: EG.ELC.ACCS.ZS | AS9: 24.2 | AT9: 20 | AU9: 26.3 | AV9: 27.4 | AW9: 28.4 | AX9: 29.4 | AY9: 30.5 | AZ9: 37.5 | BA9: 38.5 | BB9: 33.8 | BC9: 35 | BD9: 34.6 | BE9: 37.3 | BF9: 38.4 | BG9: 32 | BH9: 42 | BI9: 41.8 | BJ9: 42.9 | BK9: 45.3 | BL9: 45.6 | BM9: 47 | BN9: 48.2 | BO9: 48.5 | BP9: 51.1
A10: Albania | B10: ALB | C10: Access to electricity (% of population) | D10: EG.ELC.ACCS.ZS | AI10: 100 | AJ10: 100 | AK10: 100 | AL10: 100 | AM10: 100 | AN10: 100 | AO10: 100 | AP10: 100 | AQ10: 100 | AR10: 100 | AS10: 99.4 | AT10: 99.4 | AU10: 99.4 | AV10: 99.4 | AW10: 99.4 | AX10: 99.4 | AY10: 99.4 | AZ10: 99.4 | BA10: 100 | BB10: 99.6 | BC10: 99.6 | BD10: 99.7 | BE10: 99.9 | BF10: 99.9 | BG10: 100 | BH10: 100 | BI10: 99.9 | BJ10: 99.9 | BK10: 100 | BL10: 100 | BM10: 100 | BN10: 100 | BO10: 100 | BP10: 100
A11: Andorra | B11: AND | C11: Access to electricity (% of population) | D11: EG.ELC.ACCS.ZS | AI11: 100 | AJ11: 100 | AK11: 100 | AL11: 100 | AM11: 100 | AN11: 100 | AO11: 100 | AP11: 100 | AQ11: 100 | AR11: 100 | AS11: 100 | AT11: 100 | AU11: 100 | AV11: 100 | AW11: 100 | AX11: 100 | AY11: 100 | AZ11: 100 | BA11: 100 | BB11: 100 | BC11: 100 | BD11: 100 | BE11: 100 | BF11: 100 | BG11: 100 | BH11: 100 | BI11: 100 | BJ11: 100 | BK11: 100 | BL11: 100 | BM11: 100 | BN11: 100 | BO11: 100 | BP11: 100
A12: Arab World | B12: ARB | C12: Access to electricity (% of population) | D12: EG.ELC.ACCS.ZS | AP12: 76.611777 | AQ12: 77.541255 | AR12: 78.156404 | AS12: 80.458667 | AT12: 81.354794 | AU12: 81.323622 | AV12: 82.342222 | AW12: 82.279525 | AX12: 83.076767 | AY12: 85.284394 | AZ12: 83.626764 | BA12: 83.275564 | BB12: 84.159729 | BC12: 86.921503 | BD12: 87.172694 | BE12: 86.847867 | BF12: 88.96163 | BG12: 88.406777 | BH12: 88.661643 | BI12: 89.186171 | BJ12: 90.351067 | BK12: 88.689841 | BL12: 89.928996 | BM12: 90.241777 | BN12: 90.434095 | BO12: 90.654518 | BP12: 91.64543
A13: United Arab Emirates | B13: ARE | C13: Access to electricity (% of population) | D13: EG.ELC.ACCS.ZS | AI13: 100 | AJ13: 100 | AK13: 100 | AL13: 100 | AM13: 100 | AN13: 100 | AO13: 100 | AP13: 100 | AQ13: 100 | AR13: 100 | AS13: 100 | AT13: 100 | AU13: 100 | AV13: 100 | AW13: 100 | AX13: 100 | AY13: 100 | AZ13: 100 | BA13: 100 | BB13: 100 | BC13: 100 | BD13: 100 | BE13: 100 | BF13: 100 | BG13: 100 | BH13: 100 | BI13: 100 | BJ13: 100 | BK13: 100 | BL13: 100 | BM13: 100 | BN13: 100 | BO13: 100 | BP13: 100
A14: Argentina | B14: ARG | C14: Access to electricity (% of population) | D14: EG.ELC.ACCS.ZS | AI14: 92.1548 | AJ14: 92.492188 | AK14: 92.829453 | AL14: 93.166046 | AM14: 93.501274 | AN14: 93.834465 | AO14: 94.16494 | AP14: 94.492012 | AQ14: 94.815002 | AR14: 95.133156 | AS14: 95.7 | AT14: 95.5 | AU14: 96.1 | AV14: 96.3 | AW14: 96.5 | AX14: 96.7 | AY14: 97 | AZ14: 97.2 | BA14: 97.5 | BB14: 97.8 | BC14: 98.8 | BD14: 99 | BE14: 99.1 | BF14: 99.3 | BG14: 100 | BH14: 99.7 | BI14: 99.9 | BJ14: 100 | BK14: 100 | BL14: 100 | BM14: 100 | BN14: 100 | BO14: 100 | BP14: 100
A15: Armenia | B15: ARM | C15: Access to electricity (% of population) | D15: EG.ELC.ACCS.ZS | AS15: 98.9 | AT15: 100 | AU15: 98 | AV15: 99.1 | AW15: 99.1 | AX15: 99.8 | AY15: 99.1 | AZ15: 99.2 | BA15: 99.2 | BB15: 99.3 | BC15: 99.8 | BD15: 99.5 | BE15: 99.5 | BF15: 99.4 | BG15: 99.7 | BH15: 100 | BI15: 99.8 | BJ15: 99.7 | BK15: 99.9 | BL15: 100 | BM15: 100 | BN15: 100 | BO15: 100 | BP15: 100
A16: American Samoa | B16: ASM | C16: Access to electricity (% of population) | D16: EG.ELC.ACCS.ZS
A17: Antigua and Barbuda | B17: ATG | C17: Access to electricity (% of population) | D17: EG.ELC.ACCS.ZS | AI17: 95.763046 | AJ17: 95.940651 | AK17: 96.118134 | AL17: 96.294945 | AM17: 96.47039 | AN17: 96.643799 | AO17: 96.814484 | AP17: 96.981773 | AQ17: 97.144981 | AR17: 97.303352 | AS17: 97.7 | AT17: 97.7 | AU17: 100 | AV17: 97.9 | AW17: 97.9 | AX17: 92.2 | AY17: 100 | AZ17: 100 | BA17: 100 | BB17: 98.5 | BC17: 98.7 | BD17: 94.6 | BE17: 100 | BF17: 100 | BG17: 100 | BH17: 100 | BI17: 100 | BJ17: 100 | BK17: 100 | BL17: 100 | BM17: 100 | BN17: 100 | BO17: 100 | BP17: 100
A18: Australia | B18: AUS | C18: Access to electricity (% of population) | D18: EG.ELC.ACCS.ZS | AI18: 100 | AJ18: 100 | AK18: 100 | AL18: 100 | AM18: 100 | AN18: 100 | AO18: 100 | AP18: 100 | AQ18: 100 | AR18: 100 | AS18: 100 | AT18: 100 | AU18: 100 | AV18: 100 | AW18: 100 | AX18: 100 | AY18: 100 | AZ18: 100 | BA18: 100 | BB18: 100 | BC18: 100 | BD18: 100 | BE18: 100 | BF18: 100 | BG18: 100 | BH18: 100 | BI18: 100 | BJ18: 100 | BK18: 100 | BL18: 100 | BM18: 100 | BN18: 100 | BO18: 100 | BP18: 100
A19: Austria | B19: AUT | C19: Access to electricity (% of population) | D19: EG.ELC.ACCS.ZS | AI19: 100 | AJ19: 100 | AK19: 100 | AL19: 100 | AM19: 100 | AN19: 100 | AO19: 100 | AP19: 100 | AQ19: 100 | AR19: 100 | AS19: 100 | AT19: 100 | AU19: 100 | AV19: 100 | AW19: 100 | AX19: 100 | AY19: 100 | AZ19: 100 | BA19: 100 | BB19: 100 | BC19: 100 | BD19: 100 | BE19: 100 | BF19: 100 | BG19: 100 | BH19: 100 | BI19: 100 | BJ19: 100 | BK19: 100 | BL19: 100 | BM19: 100 | BN19: 100 | BO19: 100 | BP19: 100
A20: Azerbaijan | B20: AZE | C20: Access to electricity (% of population) | D20: EG.ELC.ACCS.ZS | AR20: 97 | AS20: 98.9 | AT20: 98.6 | AU20: 100 | AV20: 98.8 | AW20: 99 | AX20: 99.1 | AY20: 99.5 | AZ20: 99.5 | BA20: 99.7 | BB20: 99.9 | BC20: 99.9 | BD20: 99.9 | BE20: 100 | BF20: 100 | BG20: 100 | BH20: 100 | BI20: 100 | BJ20: 100 | BK20: 100 | BL20: 100 | BM20: 100 | BN20: 100 | BO20: 100 | BP20: 100
A21: Burundi | B21: BDI | C21: Access to electricity (% of population) | D21: EG.ELC.ACCS.ZS | AQ21: 3.9 | AR21: 2.0709493 | AS21: 2.5 | AT21: 2.8 | AU21: 3.1 | AV21: 3.4 | AW21: 3.7 | AX21: 3.2 | AY21: 2.7 | AZ21: 4.7 | BA21: 4.8 | BB21: 5.4 | BC21: 5.3 | BD21: 6.2 | BE21: 6.5 | BF21: 6.9 | BG21: 7 | BH21: 7.9 | BI21: 8.5 | BJ21: 9.3 | BK21: 9.5 | BL21: 9.8 | BM21: 9.1 | BN21: 10.2 | BO21: 10.3 | BP21: 11.6
A22: Belgium | B22: BEL | C22: Access to electricity (% of population) | D22: EG.ELC.ACCS.ZS | AI22: 100 | AJ22: 100 | AK22: 100 | AL22: 100 | AM22: 100 | AN22: 100 | AO22: 100 | AP22: 100 | AQ22: 100 | AR22: 100 | AS22: 100 | AT22: 100 | AU22: 100 | AV22: 100 | AW22: 100 | AX22: 100 | AY22: 100 | AZ22: 100 | BA22: 100 | BB22: 100 | BC22: 100 | BD22: 100 | BE22: 100 | BF22: 100 | BG22: 100 | BH22: 100 | BI22: 100 | BJ22: 100 | BK22: 100 | BL22: 100 | BM22: 100 | BN22: 100 | BO22: 100 | BP22: 100
A23: Benin | B23: BEN | C23: Access to electricity (% of population) | D23: EG.ELC.ACCS.ZS | AO23: 14.5 | AP23: 18.589626 | AQ23: 19.578255 | AR23: 20.562042 | AS23: 21.5 | AT23: 21.9 | AU23: 23.4 | AV23: 24.3 | AW23: 25.2 | AX23: 26.1 | AY23: 27.9 | AZ23: 28 | BA23: 29 | BB23: 30 | BC23: 34.2 | BD23: 36.9 | BE23: 38.4 | BF23: 34.7 | BG23: 34.1 | BH23: 29.6 | BI23: 37 | BJ23: 34.5 | BK23: 39 | BL23: 40 | BM23: 41 | BN23: 42 | BO23: 56.5 | BP23: 57
A24: Burkina Faso | B24: BFA | C24: Access to electricity (% of population) | D24: EG.ELC.ACCS.ZS | AL24: 6.1 | AM24: 6.12501 | AN24: 6.6253328 | AO24: 7.1229362 | AP24: 7.6171398 | AQ24: 8.1072645 | AR24: 6.9 | AS24: 9.1 | AT24: 9.5 | AU24: 9.9 | AV24: 11.4 | AW24: 10.7 | AX24: 11.1 | AY24: 11.6 | AZ24: 12 | BA24: 12.5 | BB24: 12.6 | BC24: 13.1 | BD24: 14.8 | BE24: 15.1 | BF24: 15.4 | BG24: 19.2 | BH24: 16.2 | BI24: 16.6 | BJ24: 17 | BK24: 14.4 | BL24: 17.6 | BM24: 18.5 | BN24: 19 | BO24: 19.5 | BP24: 21.7
A25: Bangladesh | B25: BGD | C25: Access to electricity (% of population) | D25: EG.ELC.ACCS.ZS | AJ25: 14.29 | AK25: 9.9054193 | AL25: 12.71788 | AM25: 17.8 | AN25: 18.338045 | AO25: 21.144386 | AP25: 22.4 | AQ25: 26.746193 | AR25: 29.540215 | AS25: 32 | AT25: 35 | AU25: 37.8 | AV25: 40.5 | AW25: 40.6 | AX25: 44.2 | AY25: 50.5 | AZ25: 46.5 | BA25: 54.3 | BB25: 57.1 | BC25: 55.3 | BD25: 59.6 | BE25: 65.5 | BF25: 61.5 | BG25: 62.4 | BH25: 74 | BI25: 75.9 | BJ25: 88 | BK25: 86.9 | BL25: 92.2 | BM25: 96.2 | BN25: 99 | BO25: 99.4 | BP25: 99.5
A26: Bulgaria | B26: BGR | C26: Access to electricity (% of population) | D26: EG.ELC.ACCS.ZS | AI26: 100 | AJ26: 100 | AK26: 100 | AL26: 100 | AM26: 100 | AN26: 100 | AO26: 100 | AP26: 100 | AQ26: 100 | AR26: 100 | AS26: 88.1 | AT26: 88.6 | AU26: 89.1 | AV26: 89.6 | AW26: 90.1 | AX26: 90.6 | AY26: 91.2 | AZ26: 91.7 | BA26: 92.3 | BB26: 92.9 | BC26: 93.5 | BD26: 94.1 | BE26: 94.7 | BF26: 95.3 | BG26: 95.9 | BH26: 96.6 | BI26: 97.3 | BJ26: 98.1 | BK26: 98.7 | BL26: 99.2 | BM26: 99.7 | BN26: 99.8 | BO26: 100 | BP26: 100
A27: Bahrain | B27: BHR | C27: Access to electricity (% of population) | D27: EG.ELC.ACCS.ZS | AI27: 99.941399 | AJ27: 99.967392 | AK27: 99.987183 | AL27: 99.997139 | AM27: 99.999771 | AN27: 100 | AO27: 100 | AP27: 100 | AQ27: 100 | AR27: 100 | AS27: 100 | AT27: 100 | AU27: 100 | AV27: 100 | AW27: 100 | AX27: 100 | AY27: 100 | AZ27: 100 | BA27: 100 | BB27: 100 | BC27: 100 | BD27: 100 | BE27: 100 | BF27: 100 | BG27: 100 | BH27: 100 | BI27: 100 | BJ27: 100 | BK27: 100 | BL27: 100 | BM27: 100 | BN27: 100 | BO27: 100 | BP27: 100
A28: Bahamas, The | B28: BHS | C28: Access to electricity (% of population) | D28: EG.ELC.ACCS.ZS | AI28: 100 | AJ28: 100 | AK28: 100 | AL28: 100 | AM28: 100 | AN28: 100 | AO28: 100 | AP28: 100 | AQ28: 100 | AR28: 100 | AS28: 100 | AT28: 100 | AU28: 100 | AV28: 100 | AW28: 100 | AX28: 100 | AY28: 100 | AZ28: 100 | BA28: 100 | BB28: 100 | BC28: 100 | BD28: 100 | BE28: 100 | BF28: 100 | BG28: 100 | BH28: 100 | BI28: 100 | BJ28: 100 | BK28: 100 | BL28: 100 | BM28: 100 | BN28: 100 | BO28: 100 | BP28: 100
A29: Bosnia and Herzegovina | B29: BIH | C29: Access to electricity (% of population) | D29: EG.ELC.ACCS.ZS | AI29: 100 | AJ29: 100 | AK29: 100 | AL29: 100 | AM29: 100 | AN29: 100 | AO29: 100 | AP29: 100 | AQ29: 100 | AR29: 100 | AS29: 99 | AT29: 99.4 | AU29: 98.5 | AV29: 99 | AW29: 99.1 | AX29: 99.1 | AY29: 99.4 | AZ29: 99.7 | BA29: 99.3 | BB29: 99.4 | BC29: 99.5 | BD29: 99.7 | BE29: 99.7 | BF29: 99.5 | BG29: 99.9 | BH29: 99.7 | BI29: 100 | BJ29: 100 | BK29: 100 | BL29: 100 | BM29: 100 | BN29: 100 | BO29: 100 | BP29: 100
A30: Belarus | B30: BLR | C30: Access to electricity (% of population) | D30: EG.ELC.ACCS.ZS | AI30: 100 | AJ30: 100 | AK30: 100 | AL30: 100 | AM30: 100 | AN30: 100 | AO30: 100 | AP30: 100 | AQ30: 100 | AR30: 100 | AS30: 89 | AT30: 89.5 | AU30: 90 | AV30: 90.5 | AW30: 91 | AX30: 91.5 | AY30: 92.1 | AZ30: 92.6 | BA30: 93.2 | BB30: 93.8 | BC30: 94.4 | BD30: 95 | BE30: 95.6 | BF30: 96.2 | BG30: 96.8 | BH30: 97.4 | BI30: 98 | BJ30: 98.7 | BK30: 99.3 | BL30: 100 | BM30: 100 | BN30: 100 | BO30: 100 | BP30: 100
A31: Belize | B31: BLZ | C31: Access to electricity (% of population) | D31: EG.ELC.ACCS.ZS | AJ31: 67 | AK31: 72.224915 | AL31: 73.123329 | AM31: 74.020386 | AN31: 74.915398 | AO31: 75.807693 | AP31: 76.696587 | AQ31: 77.581406 | AR31: 78.46138 | AS31: 79 | AT31: 80.2 | AU31: 81 | AV31: 81.8 | AW31: 82.6 | AX31: 83.5 | AY31: 91 | AZ31: 85.2 | BA31: 86.1 | BB31: 86.9 | BC31: 89.9 | BD31: 91.7 | BE31: 90.9 | BF31: 91.1 | BG31: 91.5 | BH31: 91.8 | BI31: 93.3 | BJ31: 94.2 | BK31: 91.7 | BL31: 92.7 | BM31: 96.8 | BN31: 97.7 | BO31: 98.6 | BP31: 99.6
A32: Bermuda | B32: BMU | C32: Access to electricity (% of population) | D32: EG.ELC.ACCS.ZS | AI32: 100 | AJ32: 100 | AK32: 100 | AL32: 100 | AM32: 100 | AN32: 100 | AO32: 100 | AP32: 100 | AQ32: 100 | AR32: 100 | AS32: 100 | AT32: 100 | AU32: 100 | AV32: 100 | AW32: 100 | AX32: 100 | AY32: 100 | AZ32: 100 | BA32: 100 | BB32: 100 | BC32: 100 | BD32: 100 | BE32: 100 | BF32: 100 | BG32: 100 | BH32: 100 | BI32: 100 | BJ32: 100 | BK32: 100 | BL32: 100 | BM32: 100 | BN32: 100 | BO32: 100 | BP32: 100
A33: Bolivia | B33: BOL | C33: Access to electricity (% of population) | D33: EG.ELC.ACCS.ZS | AK33: 60.027901 | AL33: 61.384029 | AM33: 64.1 | AN33: 64.09153 | AO33: 71 | AP33: 67.330431 | AQ33: 71.2 | AR33: 70.929888 | AS33: 70 | AT33: 69.3 | AU33: 64 | AV33: 72.3 | AW33: 75.9 | AX33: 68.3 | AY33: 76.2 | AZ33: 80.2 | BA33: 84.7 | BB33: 86.8 | BC33: 88 | BD33: 88.3 | BE33: 90.4 | BF33: 89.5 | BG33: 90 | BH33: 91.5 | BI33: 91.8 | BJ33: 91.8 | BK33: 92.8 | BL33: 95.1 | BM33: 97.2 | BN33: 98.6 | BO33: 99.9 | BP33: 99.8
A34: Brazil | B34: BRA | C34: Access to electricity (% of population) | D34: EG.ELC.ACCS.ZS | AI34: 87.475116 | AJ34: 90.606544 | AK34: 88.803833 | AL34: 89.999927 | AM34: 91.883728 | AN34: 91.728598 | AO34: 92.867095 | AP34: 93.354139 | AQ34: 94.193812 | AR34: 94.76296 | AS34: 94.4 | AT34: 96 | AU34: 96.7 | AV34: 97 | AW34: 96.8 | AX34: 97.1 | AY34: 97.6 | AZ34: 98.1 | BA34: 98.5 | BB34: 98.9 | BC34: 98.6 | BD34: 99.3 | BE34: 99.5 | BF34: 99.6 | BG34: 99.7 | BH34: 99.7 | BI34: 99.7 | BJ34: 99.8 | BK34: 99.7 | BL34: 99.8 | BM34: 99.7 | BN34: 99.5 | BO34: 100 | BP34: 99.8
A35: Barbados | B35: BRB | C35: Access to electricity (% of population) | D35: EG.ELC.ACCS.ZS | AI35: 99.984253 | AJ35: 99.993439 | AK35: 99.998688 | AL35: 100 | AM35: 100 | AN35: 100 | AO35: 100 | AP35: 100 | AQ35: 100 | AR35: 100 | AS35: 100 | AT35: 100 | AU35: 100 | AV35: 100 | AW35: 99.9 | AX35: 99.9 | AY35: 100 | AZ35: 100 | BA35: 100 | BB35: 100 | BC35: 100 | BD35: 100 | BE35: 100 | BF35: 100 | BG35: 100 | BH35: 100 | BI35: 100 | BJ35: 100 | BK35: 100 | BL35: 100 | BM35: 100 | BN35: 100 | BO35: 100 | BP35: 100
A36: Brunei Darussalam | B36: BRN | C36: Access to electricity (% of population) | D36: EG.ELC.ACCS.ZS | AI36: 100 | AJ36: 100 | AK36: 100 | AL36: 100 | AM36: 100 | AN36: 100 | AO36: 100 | AP36: 100 | AQ36: 100 | AR36: 100 | AS36: 100 | AT36: 100 | AU36: 100 | AV36: 100 | AW36: 100 | AX36: 100 | AY36: 100 | AZ36: 100 | BA36: 100 | BB36: 100 | BC36: 100 | BD36: 100 | BE36: 100 | BF36: 100 | BG36: 100 | BH36: 100 | BI36: 100 | BJ36: 100 | BK36: 100 | BL36: 100 | BM36: 100 | BN36: 100 | BO36: 100 | BP36: 100
A37: Bhutan | B37: BTN | C37: Access to electricity (% of population) | D37: EG.ELC.ACCS.ZS | AS37: 31.2 | AT37: 40.2 | AU37: 44.1 | AV37: 41.1 | AW37: 51.9 | AX37: 59.8 | AY37: 59.7 | AZ37: 71.8 | BA37: 67.6 | BB37: 71.5 | BC37: 73.3 | BD37: 81.8 | BE37: 91.5 | BF37: 87.4 | BG37: 91.4 | BH37: 95.4 | BI37: 99.3 | BJ37: 97.7 | BK37: 100 | BL37: 100 | BM37: 100 | BN37: 100 | BO37: 100 | BP37: 100
A38: Botswana | B38: BWA | C38: Access to electricity (% of population) | D38: EG.ELC.ACCS.ZS | AJ38: 10.1 | AK38: 9.3982267 | AL38: 11.642076 | AM38: 13.884566 | AN38: 16.125017 | AO38: 18.362747 | AP38: 20.597078 | AQ38: 22.82733 | AR38: 25.05274 | AS38: 26.5 | AT38: 24.8 | AU38: 27 | AV38: 33.1 | AW38: 35.3 | AX38: 37.5 | AY38: 39.7 | AZ38: 41.9 | BA38: 44.5 | BB38: 43.4 | BC38: 52 | BD38: 53.2 | BE38: 56 | BF38: 58 | BG38: 60 | BH38: 62.1 | BI38: 64.2 | BJ38: 67.4 | BK38: 68.3 | BL38: 70.1 | BM38: 71.8 | BN38: 73.7 | BO38: 75.9 | BP38: 76
A39: Central African Republic | B39: CAF | C39: Access to electricity (% of population) | D39: EG.ELC.ACCS.ZS | AN39: 3 | AO39: 3.3349156 | AP39: 3.8302102 | AQ39: 4.3214254 | AR39: 4.8077984 | AS39: 6 | AT39: 5.7 | AU39: 6.1 | AV39: 6.6 | AW39: 7 | AX39: 7.4 | AY39: 7.8 | AZ39: 8.4 | BA39: 7.5 | BB39: 9.4 | BC39: 9.8 | BD39: 10.4 | BE39: 11 | BF39: 11.5 | BG39: 12 | BH39: 12.7 | BI39: 13.4 | BJ39: 14.1 | BK39: 14.6 | BL39: 14.3 | BM39: 15.4 | BN39: 15.7 | BO39: 15.7 | BP39: 17.6
A40: Canada | B40: CAN | C40: Access to electricity (% of population) | D40: EG.ELC.ACCS.ZS | AI40: 100 | AJ40: 100 | AK40: 100 | AL40: 100 | AM40: 100 | AN40: 100 | AO40: 100 | AP40: 100 | AQ40: 100 | AR40: 100 | AS40: 100 | AT40: 100 | AU40: 100 | AV40: 100 | AW40: 100 | AX40: 100 | AY40: 100 | AZ40: 100 | BA40: 100 | BB40: 100 | BC40: 100 | BD40: 100 | BE40: 100 | BF40: 100 | BG40: 100 | BH40: 100 | BI40: 100 | BJ40: 100 | BK40: 100 | BL40: 100 | BM40: 100 | BN40: 100 | BO40: 100 | BP40: 100
A41: Central Europe and the Baltics | B41: CEB | C41: Access to electricity (% of population) | D41: EG.ELC.ACCS.ZS | AI41: 100 | AJ41: 100 | AK41: 100 | AL41: 100 | AM41: 100 | AN41: 100 | AO41: 100 | AP41: 100 | AQ41: 100 | AR41: 100 | AS41: 97.926264 | AT41: 98.023538 | AU41: 98.141558 | AV41: 98.190797 | AW41: 98.26793 | AX41: 98.3207 | AY41: 98.424282 | AZ41: 98.527645 | BA41: 98.668857 | BB41: 98.85866 | BC41: 98.964427 | BD41: 99.068299 | BE41: 99.202836 | BF41: 99.308477 | BG41: 99.410769 | BH41: 99.538471 | BI41: 99.645914 | BJ41: 99.873687 | BK41: 99.876376 | BL41: 99.948035 | BM41: 99.980584 | BN41: 99.987012 | BO41: 100 | BP41: 100
A42: Switzerland | B42: CHE | C42: Access to electricity (% of population) | D42: EG.ELC.ACCS.ZS | AI42: 100 | AJ42: 100 | AK42: 100 | AL42: 100 | AM42: 100 | AN42: 100 | AO42: 100 | AP42: 100 | AQ42: 100 | AR42: 100 | AS42: 100 | AT42: 100 | AU42: 100 | AV42: 100 | AW42: 100 | AX42: 100 | AY42: 100 | AZ42: 100 | BA42: 100 | BB42: 100 | BC42: 100 | BD42: 100 | BE42: 100 | BF42: 100 | BG42: 100 | BH42: 100 | BI42: 100 | BJ42: 100 | BK42: 100 | BL42: 100 | BM42: 100 | BN42: 100 | BO42: 100 | BP42: 100
A43: Channel Islands | B43: CHI | C43: Access to electricity (% of population) | D43: EG.ELC.ACCS.ZS | AI43: 100 | AJ43: 100 | AK43: 100 | AL43: 100 | AM43: 100 | AN43: 100 | AO43: 100 | AP43: 100 | AQ43: 100 | AR43: 100 | AS43: 100 | AT43: 100 | AU43: 100 | AV43: 100 | AW43: 100 | AX43: 100 | AY43: 100 | AZ43: 100 | BA43: 100 | BB43: 100 | BC43: 100 | BD43: 100 | BE43: 100 | BF43: 100 | BG43: 100 | BH43: 100 | BI43: 100 | BJ43: 100 | BK43: 100 | BL43: 100 | BM43: 100 | BN43: 100 | BO43: 100 | BP43: 100
A44: Chile | B44: CHL | C44: Access to electricity (% of population) | D44: EG.ELC.ACCS.ZS | AI44: 92.257427 | AJ44: 94.781624 | AK44: 94.560057 | AL44: 95.273727 | AM44: 95.518074 | AN44: 95.760384 | AO44: 95.617315 | AP44: 96.236168 | AQ44: 97.241124 | AR44: 96.695549 | AS44: 97.9 | AT44: 97.1 | AU44: 97.3 | AV44: 98.8 | AW44: 97.5 | AX44: 97.7 | AY44: 99.4 | AZ44: 98 | BA44: 98.2 | BB44: 99.6 | BC44: 99.5 | BD44: 99.6 | BE44: 100 | BF44: 99.6 | BG44: 100 | BH44: 99.7 | BI44: 100 | BJ44: 99.7 | BK44: 100 | BL44: 100 | BM44: 100 | BN44: 100 | BO44: 100 | BP44: 100
A45: China | B45: CHN | C45: Access to electricity (% of population) | D45: EG.ELC.ACCS.ZS | AS45: 96.7 | AT45: 97 | AU45: 97.2 | AV45: 97.4 | AW45: 97.7 | AX45: 97.9 | AY45: 98.2 | AZ45: 98.5 | BA45: 98.8 | BB45: 99.1 | BC45: 99.7 | BD45: 99.9 | BE45: 99.9 | BF45: 100 | BG45: 100 | BH45: 100 | BI45: 100 | BJ45: 100 | BK45: 100 | BL45: 100 | BM45: 100 | BN45: 100 | BO45: 100 | BP45: 100
A46: Cote d'Ivoire | B46: CIV | C46: Access to electricity (% of population) | D46: EG.ELC.ACCS.ZS | AM46: 36.5 | AN46: 43.631252 | AO46: 44.648212 | AP46: 45.66177 | AQ46: 46.671246 | AR46: 48.2 | AS46: 48.7 | AT46: 49.7 | AU46: 51.4 | AV46: 51.5 | AW46: 52.4 | AX46: 58.9 | AY46: 60.2 | AZ46: 55.3 | BA46: 60.3 | BB46: 57.3 | BC46: 58.4 | BD46: 55.8 | BE46: 55.8 | BF46: 61.5 | BG46: 61.9 | BH46: 62.6 | BI46: 64.3 | BJ46: 65.6 | BK46: 67.1 | BL46: 68.6 | BM46: 69.9 | BN46: 71.1 | BO46: 72 | BP46: 72.4
A47: Cameroon | B47: CMR | C47: Access to electricity (% of population) | D47: EG.ELC.ACCS.ZS | AJ47: 29 | AK47: 32.697525 | AL47: 33.849194 | AM47: 34.999504 | AN47: 36.147774 | AO47: 37.293324 | AP47: 38.435474 | AQ47: 40.7 | AR47: 40.706776 | AS47: 41 | AT47: 46.2 | AU47: 44 | AV47: 45.1 | AW47: 47.1 | AX47: 47.2 | AY47: 49 | AZ47: 48.2 | BA47: 50.6 | BB47: 51.7 | BC47: 52.8 | BD47: 53.7 | BE47: 55.2 | BF47: 56.3 | BG47: 56.8 | BH47: 58.6 | BI47: 59.8 | BJ47: 60.9 | BK47: 62.2 | BL47: 63.2 | BM47: 64.3 | BN47: 65.4 | BO47: 71 | BP47: 72
A48: Democratic Republic of the Congo | B48: COD | C48: Access to electricity (% of population) | D48: EG.ELC.ACCS.ZS | AS48: 6.7 | AT48: 7.1 | AU48: 7.7 | AV48: 8.3 | AW48: 9 | AX48: 6 | AY48: 10.2 | AZ48: 15.2 | BA48: 11.6 | BB48: 12.3 | BC48: 13 | BD48: 13.7 | BE48: 15.4 | BF48: 15.2 | BG48: 13.5 | BH48: 16.6 | BI48: 17.3 | BJ48: 18 | BK48: 18.7 | BL48: 19.1 | BM48: 20.1 | BN48: 20.8 | BO48: 21.5 | BP48: 22.1
A49: Congo | B49: COG | C49: Access to electricity (% of population) | D49: EG.ELC.ACCS.ZS | AS49: 29.4 | AT49: 30.3 | AU49: 31.2 | AV49: 32.1 | AW49: 33 | AX49: 33.8 | AY49: 34.9 | AZ49: 35.8 | BA49: 36.8 | BB49: 37.1 | BC49: 40 | BD49: 40.8 | BE49: 41.6 | BF49: 42.5 | BG49: 43.4 | BH49: 44.3 | BI49: 45.3 | BJ49: 46.2 | BK49: 47 | BL49: 47.7 | BM49: 48.7 | BN49: 49.7 | BO49: 50.6 | BP49: 51.3
A50: Colombia | B50: COL | C50: Access to electricity (% of population) | D50: EG.ELC.ACCS.ZS | AI50: 89.9 | AJ50: 91.836655 | AK50: 92.13266 | AL50: 92.427994 | AM50: 92.721962 | AN50: 91.2 | AO50: 93.303101 | AP50: 93.588913 | AQ50: 93.870644 | AR50: 94.14753 | AS50: 95.2 | AT50: 98.5 | AU50: 94.9 | AV50: 95.1 | AW50: 95.3 | AX50: 96.8 | AY50: 95.7 | AZ50: 96 | BA50: 96.8 | BB50: 96.1 | BC50: 96.8 | BD50: 96.7 | BE50: 97 | BF50: 97.8 | BG50: 97.8 | BH50: 98.2 | BI50: 98.4 | BJ50: 98.5 | BK50: 98.5 | BL50: 99.4 | BM50: 99.7 | BN50: 100 | BO50: 100 | BP50: 98.7
A51: Comoros | B51: COM | C51: Access to electricity (% of population) | D51: EG.ELC.ACCS.ZS | AO51: 28.9 | AP51: 32.762413 | AQ51: 35.094528 | AR51: 37.421803 | AS51: 39.8 | AT51: 42 | AU51: 44.8 | AV51: 46.5 | AW51: 48.7 | AX51: 51 | AY51: 53.2 | AZ51: 55.5 | BA51: 57.8 | BB51: 60.1 | BC51: 69.7 | BD51: 69.3 | BE51: 69.3 | BF51: 69.4 | BG51: 71.8 | BH51: 74.1 | BI51: 76.4 | BJ51: 78.7 | BK51: 81 | BL51: 83.3 | BM51: 85.6 | BN51: 87.9 | BO51: 89.9 | BP51: 89.8
A52: Cabo Verde | B52: CPV | C52: Access to electricity (% of population) | D52: EG.ELC.ACCS.ZS | AS52: 58.6 | AT52: 60.3 | AU52: 58.6 | AV52: 63.7 | AW52: 65.4 | AX52: 67 | AY52: 68.8 | AZ52: 70.5 | BA52: 72.3 | BB52: 74.1 | BC52: 81.1 | BD52: 82.3 | BE52: 83.2 | BF52: 84.3 | BG52: 85.3 | BH52: 86.4 | BI52: 87.5 | BJ52: 88.6 | BK52: 90.2 | BL52: 91.4 | BM52: 93.7 | BN52: 95.5 | BO52: 97.1 | BP52: 98.6
A53: Costa Rica | B53: CRI | C53: Access to electricity (% of population) | D53: EG.ELC.ACCS.ZS | AS53: 96.9 | AT53: 98.2 | AU53: 98.5 | AV53: 98.7 | AW53: 99 | AX53: 99.1 | AY53: 99.1 | AZ53: 99.2 | BA53: 99.3 | BB53: 99.4 | BC53: 99 | BD53: 99.2 | BE53: 99.5 | BF53: 99.6 | BG53: 99.4 | BH53: 99.4 | BI53: 99.5 | BJ53: 99.6 | BK53: 99.7 | BL53: 99.7 | BM53: 99.9 | BN53: 100 | BO53: 100 | BP53: 100
A54: Caribbean small states | B54: CSS | C54: Access to electricity (% of population) | D54: EG.ELC.ACCS.ZS | AS54: 88.415929 | AT54: 90.485534 | AU54: 90.809113 | AV54: 91.001872 | AW54: 91.289465 | AX54: 90.815787 | AY54: 91.946398 | AZ54: 93.081605 | BA54: 93.444129 | BB54: 92.915294 | BC54: 94.181512 | BD54: 94.127682 | BE54: 95.254311 | BF54: 95.56374 | BG54: 95.84322 | BH54: 96.200195 | BI54: 96.665687 | BJ54: 97.05429 | BK54: 97.087828 | BL54: 97.36859 | BM54: 97.933363 | BN54: 98.174699 | BO54: 98.306422 | BP54: 99.168478
A55: Cuba | B55: CUB | C55: Access to electricity (% of population) | D55: EG.ELC.ACCS.ZS | AS55: 97 | AT55: 96.2 | AU55: 95.5 | AV55: 96.5 | AW55: 96.6 | AX55: 96.8 | AY55: 96.9 | AZ55: 97.1 | BA55: 97.3 | BB55: 97.6 | BC55: 97.8 | BD55: 98 | BE55: 98.3 | BF55: 98.5 | BG55: 98.7 | BH55: 99 | BI55: 99.2 | BJ55: 99.4 | BK55: 99.6 | BL55: 99.8 | BM55: 99.9 | BN55: 100 | BO55: 100 | BP55: 100
A56: Curacao | B56: CUW | C56: Access to electricity (% of population) | D56: EG.ELC.ACCS.ZS | AI56: 100 | AJ56: 100 | AK56: 100 | AL56: 100 | AM56: 100 | AN56: 100 | AO56: 100 | AP56: 100 | AQ56: 100 | AR56: 100 | AS56: 100 | AT56: 99.9 | AU56: 99.9 | AV56: 99.8 | AW56: 99.8 | AX56: 99.7 | AY56: 99.7 | AZ56: 99.7 | BA56: 99.7 | BB56: 99.7 | BC56: 100 | BD56: 100 | BE56: 100 | BF56: 100 | BG56: 100 | BH56: 100 | BI56: 100 | BJ56: 100 | BK56: 100 | BL56: 100 | BM56: 100 | BN56: 100 | BO56: 100 | BP56: 100
A57: Cayman Islands | B57: CYM | C57: Access to electricity (% of population) | D57: EG.ELC.ACCS.ZS | AI57: 99.846924 | AJ57: 99.878815 | AK57: 99.91024 | AL57: 100 | AM57: 100 | AN57: 100 | AO57: 100 | AP57: 100 | AQ57: 100 | AR57: 100 | AS57: 100 | AT57: 100 | AU57: 100 | AV57: 100 | AW57: 100 | AX57: 100 | AY57: 100 | AZ57: 100 | BA57: 100 | BB57: 100 | BC57: 100 | BD57: 100 | BE57: 100 | BF57: 100 | BG57: 100 | BH57: 100 | BI57: 100 | BJ57: 100 | BK57: 100 | BL57: 100 | BM57: 100 | BN57: 100 | BO57: 100 | BP57: 100
A58: Cyprus | B58: CYP | C58: Access to electricity (% of population) | D58: EG.ELC.ACCS.ZS | AI58: 100 | AJ58: 100 | AK58: 100 | AL58: 100 | AM58: 100 | AN58: 100 | AO58: 100 | AP58: 100 | AQ58: 100 | AR58: 100 | AS58: 100 | AT58: 100 | AU58: 100 | AV58: 100 | AW58: 100 | AX58: 100 | AY58: 100 | AZ58: 100 | BA58: 100 | BB58: 100 | BC58: 100 | BD58: 100 | BE58: 100 | BF58: 100 | BG58: 100 | BH58: 100 | BI58: 100 | BJ58: 100 | BK58: 100 | BL58: 100 | BM58: 100 | BN58: 100 | BO58: 100 | BP58: 100
A59: Czechia | B59: CZE | C59: Access to electricity (% of population) | D59: EG.ELC.ACCS.ZS | AI59: 100 | AJ59: 100 | AK59: 100 | AL59: 100 | AM59: 100 | AN59: 100 | AO59: 100 | AP59: 100 | AQ59: 100 | AR59: 100 | AS59: 100 | AT59: 100 | AU59: 100 | AV59: 100 | AW59: 100 | AX59: 100 | AY59: 100 | AZ59: 100 | BA59: 100 | BB59: 100 | BC59: 100 | BD59: 100 | BE59: 100 | BF59: 100 | BG59: 100 | BH59: 100 | BI59: 100 | BJ59: 100 | BK59: 100 | BL59: 100 | BM59: 100 | BN59: 100 | BO59: 100 | BP59: 100
A60: Germany | B60: DEU | C60: Access to electricity (% of population) | D60: EG.ELC.ACCS.ZS | AI60: 100 | AJ60: 100 | AK60: 100 | AL60: 100 | AM60: 100 | AN60: 100 | AO60: 100 | AP60: 100 | AQ60: 100 | AR60: 100 | AS60: 100 | AT60: 100 | AU60: 100 | AV60: 100 | AW60: 100 | AX60: 100 | AY60: 100 | AZ60: 100 | BA60: 100 | BB60: 100 | BC60: 100 | BD60: 100 | BE60: 100 | BF60: 100 | BG60: 100 | BH60: 100 | BI60: 100 | BJ60: 100 | BK60: 100 | BL60: 100 | BM60: 100 | BN60: 100 | BO60: 100 | BP60: 100
A61: Djibouti | B61: DJI | C61: Access to electricity (% of population) | D61: EG.ELC.ACCS.ZS | AO61: 62 | AP61: 56.294495 | AQ61: 56.322254 | AR61: 56.345169 | AS61: 56 | AT61: 56.1 | AU61: 49.7 | AV61: 56.4 | AW61: 56.6 | AX61: 56.8 | AY61: 55.5 | AZ61: 57.2 | BA61: 57.4 | BB61: 57.6 | BC61: 57.9 | BD61: 58.1 | BE61: 54.6 | BF61: 58.6 | BG61: 58.9 | BH61: 59.1 | BI61: 59.8 | BJ61: 60.2 | BK61: 62.4 | BL61: 64.7 | BM61: 64.5 | BN61: 65.4 | BO61: 65 | BP61: 65.2
A62: Dominica | B62: DMA | C62: Access to electricity (% of population) | D62: EG.ELC.ACCS.ZS | AQ62: 75 | AR62: 79.621918 | AS62: 81.1 | AT62: 82.1 | AU62: 87.7 | AV62: 84 | AW62: 85 | AX62: 86 | AY62: 87 | AZ62: 88.1 | BA62: 90.9 | BB62: 90.2 | BC62: 91.3 | BD62: 90.1 | BE62: 93.5 | BF62: 94.6 | BG62: 95.7 | BH62: 96.7 | BI62: 97.8 | BJ62: 98.9 | BK62: 99.6 | BL62: 99.9 | BM62: 100 | BN62: 100 | BO62: 100 | BP62: 100
A63: Denmark | B63: DNK | C63: Access to electricity (% of population) | D63: EG.ELC.ACCS.ZS | AI63: 100 | AJ63: 100 | AK63: 100 | AL63: 100 | AM63: 100 | AN63: 100 | AO63: 100 | AP63: 100 | AQ63: 100 | AR63: 100 | AS63: 100 | AT63: 100 | AU63: 100 | AV63: 100 | AW63: 100 | AX63: 100 | AY63: 100 | AZ63: 100 | BA63: 100 | BB63: 100 | BC63: 100 | BD63: 100 | BE63: 100 | BF63: 100 | BG63: 100 | BH63: 100 | BI63: 100 | BJ63: 100 | BK63: 100 | BL63: 100 | BM63: 100 | BN63: 100 | BO63: 100 | BP63: 100
A64: Dominican Republic | B64: DOM | C64: Access to electricity (% of population) | D64: EG.ELC.ACCS.ZS | AJ64: 78.2 | AK64: 82.485405 | AL64: 83.255493 | AM64: 84.024223 | AN64: 84.790909 | AO64: 85.554878 | AP64: 86.315445 | AQ64: 87.071938 | AR64: 91 | AS64: 88.8 | AT64: 89.8 | AU64: 89.7 | AV64: 89.2 | AW64: 90.3 | AX64: 90.1 | AY64: 90.1 | AZ64: 96.9 | BA64: 97.6 | BB64: 97.9 | BC64: 98.1 | BD64: 97.9 | BE64: 97.9 | BF64: 98.4 | BG64: 98.5 | BH64: 98.6 | BI64: 98.9 | BJ64: 100 | BK64: 98.9 | BL64: 99 | BM64: 100 | BN64: 98.1 | BO64: 98.1 | BP64: 99.6
A65: Algeria | B65: DZA | C65: Access to electricity (% of population) | D65: EG.ELC.ACCS.ZS | AS65: 98.6 | AT65: 98.6 | AU65: 98.6 | AV65: 98.6 | AW65: 98.6 | AX65: 98.6 | AY65: 98.7 | AZ65: 98.7 | BA65: 99.3 | BB65: 98.8 | BC65: 98.9 | BD65: 99 | BE65: 98.8 | BF65: 99.2 | BG65: 99.3 | BH65: 99.4 | BI65: 99.4 | BJ65: 99.5 | BK65: 99.6 | BL65: 99.5 | BM65: 99.7 | BN65: 99.8 | BO65: 100 | BP65: 100
A66: East Asia & Pacific (excluding high income) | B66: EAP | C66: Access to electricity (% of population) | D66: EG.ELC.ACCS.ZS | AS66: 91.138144 | AT66: 91.679807 | AU66: 92.153273 | AV66: 92.378048 | AW66: 93.266068 | AX66: 92.8453 | AY66: 94.041456 | AZ66: 94.051389 | BA66: 94.671931 | BB66: 94.427634 | BC66: 95.055371 | BD66: 95.581682 | BE66: 95.795165 | BF66: 96.092854 | BG66: 96.274099 | BH66: 96.621825 | BI66: 96.716534 | BJ66: 97.445307 | BK66: 97.412383 | BL66: 97.650096 | BM66: 97.565185 | BN66: 97.959921 | BO66: 98.027372 | BP66: 98.237638
A67: Early-demographic dividend | B67: EAR | C67: Access to electricity (% of population) | D67: EG.ELC.ACCS.ZS | AL67: 55.608975 | AM67: 56.371327 | AN67: 58.132648 | AO67: 59.87059 | AP67: 61.837906 | AQ67: 63.393011 | AR67: 66.085664 | AS67: 67.500489 | AT67: 68.257774 | AU67: 69.151334 | AV67: 70.882407 | AW67: 71.11142 | AX67: 72.750781 | AY67: 73.799983 | AZ67: 75.655038 | BA67: 77.40078 | BB67: 78.28842 | BC67: 79.39019 | BD67: 81.149983 | BE67: 82.052463 | BF67: 83.799313 | BG67: 84.752009 | BH67: 86.827154 | BI67: 88.349448 | BJ67: 90.508673 | BK67: 91.992711 | BL67: 92.797655 | BM67: 93.455781 | BN67: 95.242334 | BO67: 95.157574 | BP67: 95.704438
A68: East Asia & Pacific | B68: EAS | C68: Access to electricity (% of population) | D68: EG.ELC.ACCS.ZS | AS68: 92.061814 | AT68: 92.543798 | AU68: 92.964856 | AV68: 93.162958 | AW68: 93.956321 | AX68: 93.575146 | AY68: 94.647158 | AZ68: 94.65454 | BA68: 95.211084 | BB68: 94.983328 | BC68: 95.546832 | BD68: 96.018947 | BE68: 96.209246 | BF68: 96.475647 | BG68: 96.63756 | BH68: 96.95006 | BI68: 97.034397 | BJ68: 97.691536 | BK68: 97.660964 | BL68: 97.875256 | BM68: 97.797621 | BN68: 98.153426 | BO68: 98.213929 | BP68: 98.404488
A69: Europe & Central Asia (excluding high income) | B69: ECA | C69: Access to electricity (% of population) | D69: EG.ELC.ACCS.ZS | AS69: 99.00037 | AT69: 99.070524 | AU69: 99.150017 | AV69: 99.148492 | AW69: 99.135525 | AX69: 99.259457 | AY69: 99.219308 | AZ69: 99.338991 | BA69: 99.377607 | BB69: 99.448562 | BC69: 99.608622 | BD69: 99.617475 | BE69: 99.694667 | BF69: 99.72871 | BG69: 99.784877 | BH69: 99.767805 | BI69: 99.865986 | BJ69: 99.918276 | BK69: 99.942132 | BL69: 99.965814 | BM69: 99.977458 | BN69: 99.961696 | BO69: 99.991599 | BP69: 100
A70: Europe & Central Asia | B70: ECS | C70: Access to electricity (% of population) | D70: EG.ELC.ACCS.ZS | AI70: 100 | AJ70: 100 | AK70: 100 | AL70: 100 | AM70: 100 | AN70: 99.997755 | AO70: 99.970593 | AP70: 99.964585 | AQ70: 99.966777 | AR70: 99.869353 | AS70: 99.115307 | AT70: 99.165551 | AU70: 99.203942 | AV70: 99.213033 | AW70: 99.239007 | AX70: 99.2799 | AY70: 99.301359 | AZ70: 99.36308 | BA70: 99.408096 | BB70: 99.466169 | BC70: 99.665443 | BD70: 99.663903 | BE70: 99.828195 | BF70: 99.849526 | BG70: 99.876153 | BH70: 99.167918 | BI70: 99.829005 | BJ70: 99.964133 | BK70: 99.970792 | BL70: 99.953467 | BM70: 99.976035 | BN70: 99.988197 | BO70: 99.997734 | BP70: 100
A71: Ecuador | B71: ECU | C71: Access to electricity (% of population) | D71: EG.ELC.ACCS.ZS | AN71: 89.830167 | AO71: 92.051376 | AP71: 92.429817 | AQ71: 92.726642 | AR71: 93.071434 | AS71: 93.7 | AT71: 94 | AU71: 94.2 | AV71: 95 | AW71: 94.8 | AX71: 95.8 | AY71: 96.3 | AZ71: 96.8 | BA71: 97.2 | BB71: 96.5 | BC71: 97.5 | BD71: 96.9 | BE71: 97.2 | BF71: 98 | BG71: 99 | BH71: 98.8 | BI71: 98.7 | BJ71: 99.2 | BK71: 98.7 | BL71: 99.1 | BM71: 98.9 | BN71: 100 | BO71: 100 | BP71: 98.7
A72: Egypt | B72: EGY | C72: Access to electricity (% of population) | D72: EG.ELC.ACCS.ZS | AK72: 93.4 | AL72: 95.392242 | AM72: 95.648537 | AN72: 95.5 | AO72: 96.154327 | AP72: 96.402466 | AQ72: 96.646523 | AR72: 96.885735 | AS72: 97.7 | AT72: 97.4 | AU72: 97.5 | AV72: 98.8 | AW72: 97.8 | AX72: 99.4 | AY72: 99 | AZ72: 98.4 | BA72: 99.8 | BB72: 98.9 | BC72: 99.4 | BD72: 99.4 | BE72: 99.7 | BF72: 99.9 | BG72: 99.8 | BH72: 99.3 | BI72: 100 | BJ72: 100 | BK72: 100 | BL72: 100 | BM72: 100 | BN72: 100 | BO72: 100 | BP72: 100
A73: Euro area | B73: EMU | C73: Access to electricity (% of population) | D73: EG.ELC.ACCS.ZS | AI73: 100 | AJ73: 100 | AK73: 100 | AL73: 100 | AM73: 100 | AN73: 100 | AO73: 100 | AP73: 100 | AQ73: 100 | AR73: 100 | AS73: 99.993902 | AT73: 99.993976 | AU73: 99.992304 | AV73: 99.99241 | AW73: 99.990559 | AX73: 99.989118 | AY73: 99.987336 | AZ73: 99.989739 | BA73: 99.992412 | BB73: 99.995351 | BC73: 99.996045 | BD73: 99.996121 | BE73: 100 | BF73: 100 | BG73: 100 | BH73: 100 | BI73: 100 | BJ73: 100 | BK73: 100 | BL73: 100 | BM73: 100 | BN73: 100 | BO73: 100 | BP73: 100
A74: Eritrea | B74: ERI | C74: Access to electricity (% of population) | D74: EG.ELC.ACCS.ZS | AN74: 22.9 | AO74: 24.755447 | AP74: 25.874611 | AQ74: 26.989695 | AR74: 28.099936 | AS74: 29.3 | AT74: 30.3 | AU74: 32.2 | AV74: 32.4 | AW74: 33.4 | AX74: 34.5 | AY74: 35.6 | AZ74: 36.7 | BA74: 37.8 | BB74: 38.9 | BC74: 40.1 | BD74: 41.2 | BE74: 42.3 | BF74: 43.5 | BG74: 44.6 | BH74: 45.8 | BI74: 46.9 | BJ74: 48 | BK74: 49.1 | BL74: 50.3 | BM74: 51.4 | BN74: 52.5 | BO74: 53.4 | BP74: 54.4
A75: Spain | B75: ESP | C75: Access to electricity (% of population) | D75: EG.ELC.ACCS.ZS | AI75: 100 | AJ75: 100 | AK75: 100 | AL75: 100 | AM75: 100 | AN75: 100 | AO75: 100 | AP75: 100 | AQ75: 100 | AR75: 100 | AS75: 100 | AT75: 100 | AU75: 100 | AV75: 100 | AW75: 100 | AX75: 100 | AY75: 100 | AZ75: 100 | BA75: 100 | BB75: 100 | BC75: 100 | BD75: 100 | BE75: 100 | BF75: 100 | BG75: 100 | BH75: 100 | BI75: 100 | BJ75: 100 | BK75: 100 | BL75: 100 | BM75: 100 | BN75: 100 | BO75: 100 | BP75: 100
A76: Estonia | B76: EST | C76: Access to electricity (% of population) | D76: EG.ELC.ACCS.ZS | AI76: 100 | AJ76: 100 | AK76: 100 | AL76: 100 | AM76: 100 | AN76: 100 | AO76: 100 | AP76: 100 | AQ76: 100 | AR76: 100 | AS76: 100 | AT76: 100 | AU76: 100 | AV76: 100 | AW76: 100 | AX76: 100 | AY76: 100 | AZ76: 100 | BA76: 100 | BB76: 100 | BC76: 100 | BD76: 100 | BE76: 100 | BF76: 100 | BG76: 100 | BH76: 100 | BI76: 100 | BJ76: 100 | BK76: 100 | BL76: 100 | BM76: 100 | BN76: 100 | BO76: 100 | BP76: 100
A77: Ethiopia | B77: ETH | C77: Access to electricity (% of population) | D77: EG.ELC.ACCS.ZS | AS77: 12.7 | AT77: 10.2 | AU77: 11.9 | AV77: 13.5 | AW77: 15.2 | AX77: 14 | AY77: 18.6 | AZ77: 20.3 | BA77: 22 | BB77: 23.7 | BC77: 25.5 | BD77: 23 | BE77: 29 | BF77: 30.8 | BG77: 27.2 | BH77: 29 | BI77: 42.9 | BJ77: 44.3 | BK77: 44.8 | BL77: 48 | BM77: 51.1 | BN77: 54.2 | BO77: 55.4 | BP77: 55.4
A78: European Union | B78: EUU | C78: Access to electricity (% of population) | D78: EG.ELC.ACCS.ZS | AI78: 100 | AJ78: 100 | AK78: 100 | AL78: 100 | AM78: 100 | AN78: 100 | AO78: 100 | AP78: 100 | AQ78: 100 | AR78: 100 | AS78: 99.47619 | AT78: 99.505044 | AU78: 99.538716 | AV78: 99.553991 | AW78: 99.575825 | AX78: 99.591371 | AY78: 99.61884 | AZ78: 99.646408 | BA78: 99.68253 | BB78: 99.729008 | BC78: 99.755397 | BD78: 99.780118 | BE78: 99.812589 | BF78: 99.838117 | BG78: 99.862603 | BH78: 99.892912 | BI78: 99.918264 | BJ78: 99.970972 | BK78: 99.971728 | BL78: 99.988156 | BM78: 99.995602 | BN78: 99.997083 | BO78: 100 | BP78: 100
A79: Fragile and conflict affected situations | B79: FCS | C79: Access to electricity (% of population) | D79: EG.ELC.ACCS.ZS | AS79: 40.433087 | AT79: 40.942978 | AU79: 41.492461 | AV79: 43.276892 | AW79: 42.586804 | AX79: 42.684547 | AY79: 44.13004 | AZ79: 44.911912 | BA79: 44.650443 | BB79: 45.679598 | BC79: 45.992493 | BD79: 47.871052 | BE79: 48.890921 | BF79: 50.593776 | BG79: 49.983733 | BH79: 50.043224 | BI79: 54.175772 | BJ79: 54.53775 | BK79: 54.515469 | BL79: 55.451416 | BM79: 56.301049 | BN79: 57.833226 | BO79: 57.945871 | BP79: 58.950109
A80: Finland | B80: FIN | C80: Access to electricity (% of population) | D80: EG.ELC.ACCS.ZS | AI80: 100 | AJ80: 100 | AK80: 100 | AL80: 100 | AM80: 100 | AN80: 100 | AO80: 100 | AP80: 100 | AQ80: 100 | AR80: 100 | AS80: 100 | AT80: 100 | AU80: 100 | AV80: 100 | AW80: 100 | AX80: 100 | AY80: 100 | AZ80: 100 | BA80: 100 | BB80: 100 | BC80: 100 | BD80: 100 | BE80: 100 | BF80: 100 | BG80: 100 | BH80: 100 | BI80: 100 | BJ80: 100 | BK80: 100 | BL80: 100 | BM80: 100 | BN80: 100 | BO80: 100 | BP80: 100
A81: Fiji | B81: FJI | C81: Access to electricity (% of population) | D81: EG.ELC.ACCS.ZS | AO81: 66.9 | AP81: 71.771515 | AQ81: 73.089584 | AR81: 74.402817 | AS81: 76.8 | AT81: 77.7 | AU81: 79.6 | AV81: 80 | AW81: 80.6 | AX81: 81.6 | AY81: 82.6 | AZ81: 88.9 | BA81: 86.2 | BB81: 85.6 | BC81: 92.4 | BD81: 92.5 | BE81: 92.6 | BF81: 91.8 | BG81: 93 | BH81: 93.2 | BI81: 93.4 | BJ81: 96 | BK81: 95.1 | BL81: 96.1 | BM81: 97.1 | BN81: 92.1 | BO81: 92 | BP81: 99.3
A82: France | B82: FRA | C82: Access to electricity (% of population) | D82: EG.ELC.ACCS.ZS | AI82: 100 | AJ82: 100 | AK82: 100 | AL82: 100 | AM82: 100 | AN82: 100 | AO82: 100 | AP82: 100 | AQ82: 100 | AR82: 100 | AS82: 100 | AT82: 100 | AU82: 100 | AV82: 100 | AW82: 100 | AX82: 100 | AY82: 100 | AZ82: 100 | BA82: 100 | BB82: 100 | BC82: 100 | BD82: 100 | BE82: 100 | BF82: 100 | BG82: 100 | BH82: 100 | BI82: 100 | BJ82: 100 | BK82: 100 | BL82: 100 | BM82: 100 | BN82: 100 | BO82: 100 | BP82: 100
A83: Faroe Islands | B83: FRO | C83: Access to electricity (% of population) | D83: EG.ELC.ACCS.ZS | AI83: 100 | AJ83: 100 | AK83: 100 | AL83: 100 | AM83: 100 | AN83: 100 | AO83: 100 | AP83: 100 | AQ83: 100 | AR83: 100 | AS83: 100 | AT83: 100 | AU83: 100 | AV83: 100 | AW83: 100 | AX83: 100 | AY83: 100 | AZ83: 100 | BA83: 100 | BB83: 100 | BC83: 100 | BD83: 100 | BE83: 100 | BF83: 100 | BG83: 100 | BH83: 100 | BI83: 100 | BJ83: 100 | BK83: 100 | BL83: 100 | BM83: 100 | BN83: 100 | BO83: 100 | BP83: 100
A84: Micronesia, Fed. Sts. | B84: FSM | C84: Access to electricity (% of population) | D84: EG.ELC.ACCS.ZS | AS84: 46 | AT84: 48.4 | AU84: 50.1 | AV84: 51.8 | AW84: 53.5 | AX84: 55.2 | AY84: 57 | AZ84: 58.7 | BA84: 60.5 | BB84: 62.2 | BC84: 64.5 | BD84: 66.3 | BE84: 67.8 | BF84: 69.4 | BG84: 71.2 | BH84: 73 | BI84: 74.8 | BJ84: 76.5 | BK84: 78.3 | BL84: 80.1 | BM84: 81.9 | BN84: 83.6 | BO84: 85.3 | BP84: 86.9
A85: Gabon | B85: GAB | C85: Access to electricity (% of population) | D85: EG.ELC.ACCS.ZS | AS85: 73.6 | AT85: 77.2 | AU85: 77.8 | AV85: 78.5 | AW85: 79.2 | AX85: 81.6 | AY85: 80.5 | AZ85: 81.3 | BA85: 82 | BB85: 82.7 | BC85: 89.3 | BD85: 88.7 | BE85: 89.3 | BF85: 86.4 | BG85: 87.1 | BH85: 87.3 | BI85: 88.1 | BJ85: 86.3 | BK85: 89.6 | BL85: 90.3 | BM85: 91.1 | BN85: 91.8 | BO85: 93.5 | BP85: 94.1
A86: United Kingdom | B86: GBR | C86: Access to electricity (% of population) | D86: EG.ELC.ACCS.ZS | AI86: 100 | AJ86: 100 | AK86: 100 | AL86: 100 | AM86: 100 | AN86: 100 | AO86: 100 | AP86: 100 | AQ86: 100 | AR86: 100 | AS86: 100 | AT86: 100 | AU86: 100 | AV86: 100 | AW86: 100 | AX86: 100 | AY86: 100 | AZ86: 100 | BA86: 100 | BB86: 100 | BC86: 100 | BD86: 100 | BE86: 100 | BF86: 100 | BG86: 100 | BH86: 100 | BI86: 100 | BJ86: 100 | BK86: 100 | BL86: 100 | BM86: 100 | BN86: 100 | BO86: 100 | BP86: 100
A87: Georgia | B87: GEO | C87: Access to electricity (% of population) | D87: EG.ELC.ACCS.ZS | AS87: 99.8 | AT87: 99.8 | AU87: 99.9 | AV87: 100 | AW87: 99.9 | AX87: 97.9 | AY87: 100 | AZ87: 100 | BA87: 100 | BB87: 100 | BC87: 100 | BD87: 100 | BE87: 100 | BF87: 100 | BG87: 100 | BH87: 100 | BI87: 100 | BJ87: 100 | BK87: 99.9 | BL87: 100 | BM87: 100 | BN87: 100 | BO87: 100 | BP87: 100
A88: Ghana | B88: GHA | C88: Access to electricity (% of population) | D88: EG.ELC.ACCS.ZS | AL88: 30.6 | AM88: 30.369406 | AN88: 32.450451 | AO88: 34.52877 | AP88: 36.603695 | AQ88: 42.6 | AR88: 40.74054 | AS88: 43.7 | AT88: 44.8 | AU88: 46.8 | AV88: 48.3 | AW88: 50.8 | AX88: 41.3 | AY88: 55.1 | AZ88: 56.9 | BA88: 60.5 | BB88: 61.1 | BC88: 64.2 | BD88: 64.1 | BE88: 56.5 | BF88: 70.7 | BG88: 78.3 | BH88: 74 | BI88: 79.3 | BJ88: 79 | BK88: 80.4 | BL88: 83.5 | BM88: 85.4 | BN88: 86.3 | BO88: 85.1 | BP88: 89.5
A89: Gibraltar | B89: GIB | C89: Access to electricity (% of population) | D89: EG.ELC.ACCS.ZS | AI89: 100 | AJ89: 100 | AK89: 100 | AL89: 100 | AM89: 100 | AN89: 100 | AO89: 100 | AP89: 100 | AQ89: 100 | AR89: 100 | AS89: 99.9 | AT89: 99.9 | AU89: 99.8 | AV89: 99.8 | AW89: 99.7 | AX89: 99.7 | AY89: 99.7 | AZ89: 99.7 | BA89: 99.7 | BB89: 100 | BC89: 100 | BD89: 99.8 | BE89: 99.9 | BF89: 99.9 | BG89: 99.9 | BH89: 100 | BI89: 100 | BJ89: 100 | BK89: 100 | BL89: 100 | BM89: 100 | BN89: 100 | BO89: 100 | BP89: 100
A90: Guinea | B90: GIN | C90: Access to electricity (% of population) | D90: EG.ELC.ACCS.ZS | AR90: 16.4 | AS90: 15.2 | AT90: 16.4 | AU90: 17.7 | AV90: 18.9 | AW90: 20.2 | AX90: 20.2 | AY90: 22.8 | AZ90: 24.1 | BA90: 25.4 | BB90: 26.7 | BC90: 28.1 | BD90: 29.5 | BE90: 26.2 | BF90: 32.2 | BG90: 33.5 | BH90: 34.9 | BI90: 33.5 | BJ90: 35.4 | BK90: 45 | BL90: 42.2 | BM90: 44.7 | BN90: 46.8 | BO90: 47.7 | BP90: 51.1
A91: Gambia, The | B91: GMB | C91: Access to electricity (% of population) | D91: EG.ELC.ACCS.ZS | AL91: 17.7 | AM91: 18.25005 | AN91: 19.921444 | AO91: 21.590118 | AP91: 23.255392 | AQ91: 24.916588 | AR91: 26.572941 | AS91: 34.3 | AT91: 29.9 | AU91: 31.5 | AV91: 27.8 | AW91: 34.8 | AX91: 30.5 | AY91: 38.1 | AZ91: 39.8 | BA91: 41.5 | BB91: 43.2 | BC91: 46.8 | BD91: 48.3 | BE91: 49.9 | BF91: 51.5 | BG91: 53 | BH91: 54.7 | BI91: 56.4 | BJ91: 56.2 | BK91: 60.3 | BL91: 62.1 | BM91: 62.2 | BN91: 63.7 | BO91: 65.4 | BP91: 66.9
A92: Guinea-Bissau | B92: GNB | C92: Access to electricity (% of population) | D92: EG.ELC.ACCS.ZS | AU92: 1.3 | AV92: 2.6 | AW92: 3.9 | AX92: 5.2 | AY92: 14.5 | AZ92: 7.9 | BA92: 9.3 | BB92: 4.7 | BC92: 6 | BD92: 13.5 | BE92: 14.9 | BF92: 16.3 | BG92: 17.2 | BH92: 20.1 | BI92: 22.9 | BJ92: 26 | BK92: 28.4 | BL92: 30.9 | BM92: 33.4 | BN92: 35.8 | BO92: 37.4 | BP92: 40.5
A93: Equatorial Guinea | B93: GNQ | C93: Access to electricity (% of population) | D93: EG.ELC.ACCS.ZS | AS93: 64.8 | AT93: 64.9 | AU93: 64.9 | AV93: 64.9 | AW93: 64.9 | AX93: 65 | AY93: 65.1 | AZ93: 65.1 | BA93: 65.2 | BB93: 65.4 | BC93: 66.1 | BD93: 66.1 | BE93: 65.7 | BF93: 65.9 | BG93: 66 | BH93: 66.1 | BI93: 66.2 | BJ93: 66.4 | BK93: 66.5 | BL93: 66.6 | BM93: 66.7 | BN93: 66.8 | BO93: 67 | BP93: 66.9
A94: Greece | B94: GRC | C94: Access to electricity (% of population) | D94: EG.ELC.ACCS.ZS | AI94: 100 | AJ94: 100 | AK94: 100 | AL94: 100 | AM94: 100 | AN94: 100 | AO94: 100 | AP94: 100 | AQ94: 100 | AR94: 100 | AS94: 100 | AT94: 100 | AU94: 100 | AV94: 100 | AW94: 100 | AX94: 100 | AY94: 100 | AZ94: 100 | BA94: 100 | BB94: 100 | BC94: 100 | BD94: 100 | BE94: 100 | BF94: 100 | BG94: 100 | BH94: 100 | BI94: 100 | BJ94: 100 | BK94: 100 | BL94: 100 | BM94: 100 | BN94: 100 | BO94: 100 | BP94: 100
A95: Grenada | B95: GRD | C95: Access to electricity (% of population) | D95: EG.ELC.ACCS.ZS | AQ95: 85.04 | AR95: 85.529465 | AS95: 86 | AT95: 86.3 | AU95: 86.6 | AV95: 86.9 | AW95: 87.2 | AX95: 87.5 | AY95: 87.9 | AZ95: 88.2 | BA95: 90 | BB95: 89 | BC95: 89.4 | BD95: 88.8 | BE95: 90.2 | BF95: 90.6 | BG95: 91 | BH95: 91.4 | BI95: 91.8 | BJ95: 92.2 | BK95: 92.3 | BL95: 93 | BM95: 93.4 | BN95: 93.7 | BO95: 94.2 | BP95: 94.4
A96: Greenland | B96: GRL | C96: Access to electricity (% of population) | D96: EG.ELC.ACCS.ZS | AI96: 100 | AJ96: 100 | AK96: 100 | AL96: 100 | AM96: 100 | AN96: 100 | AO96: 100 | AP96: 100 | AQ96: 100 | AR96: 100 | AS96: 100 | AT96: 100 | AU96: 100 | AV96: 100 | AW96: 100 | AX96: 100 | AY96: 100 | AZ96: 100 | BA96: 100 | BB96: 100 | BC96: 100 | BD96: 100 | BE96: 100 | BF96: 100 | BG96: 100 | BH96: 100 | BI96: 100 | BJ96: 100 | BK96: 100 | BL96: 100 | BM96: 100 | BN96: 100 | BO96: 100 | BP96: 100
A97: Guatemala | B97: GTM | C97: Access to electricity (% of population) | D97: EG.ELC.ACCS.ZS | AN97: 60.8 | AO97: 67.679939 | AP97: 68.904076 | AQ97: 70.12413 | AR97: 70.9 | AS97: 73.3 | AT97: 73.7 | AU97: 78.7 | AV97: 78.5 | AW97: 77.2 | AX97: 78.3 | AY97: 83.7 | AZ97: 80.7 | BA97: 81.9 | BB97: 83.1 | BC97: 84.3 | BD97: 84 | BE97: 86.8 | BF97: 88.1 | BG97: 85.5 | BH97: 90.5 | BI97: 91.8 | BJ97: 93.3 | BK97: 94.2 | BL97: 95.4 | BM97: 96.6 | BN97: 97.9 | BO97: 99.1 | BP97: 100
A98: Guam | B98: GUM | C98: Access to electricity (% of population) | D98: EG.ELC.ACCS.ZS | AI98: 99.844307 | AJ98: 99.875816 | AK98: 99.906868 | AL98: 99.937256 | AM98: 99.96508 | AN98: 100 | AO98: 100 | AP98: 100 | AQ98: 100 | AR98: 100 | AS98: 100 | AT98: 100 | AU98: 100 | AV98: 100 | AW98: 100 | AX98: 100 | AY98: 100 | AZ98: 100 | BA98: 100 | BB98: 100 | BC98: 100 | BD98: 100 | BE98: 100 | BF98: 100 | BG98: 100 | BH98: 100 | BI98: 100 | BJ98: 100 | BK98: 100 | BL98: 100 | BM98: 100 | BN98: 100 | BO98: 100 | BP98: 100
A99: Guyana | B99: GUY | C99: Access to electricity (% of population) | D99: EG.ELC.ACCS.ZS | AL99: 72.376631 | AM99: 70.713982 | AN99: 71.351982 | AO99: 71.987267 | AP99: 72.619156 | AQ99: 73.246956 | AR99: 73.869919 | AS99: 74.6 | AT99: 75.1 | AU99: 75.7 | AV99: 76.2 | AW99: 76.8 | AX99: 77.5 | AY99: 73.4 | AZ99: 78.5 | BA99: 79.1 | BB99: 77.6 | BC99: 83.3 | BD99: 84.2 | BE99: 85.1 | BF99: 86 | BG99: 86.9 | BH99: 88 | BI99: 89 | BJ99: 90 | BK99: 90.9 | BL99: 91.6 | BM99: 92.3 | BN99: 92.9 | BO99: 93 | BP99: 98.9
A100: High income | B100: HIC | C100: Access to electricity (% of population) | D100: EG.ELC.ACCS.ZS | AI100: 99.841049 | AJ100: 99.877138 | AK100: 99.866216 | AL100: 99.859191 | AM100: 99.862329 | AN100: 99.86734 | AO100: 99.864554 | AP100: 99.876442 | AQ100: 99.890739 | AR100: 99.885754 | AS100: 99.441643 | AT100: 99.466443 | AU100: 99.486329 | AV100: 99.528425 | AW100: 99.523189 | AX100: 99.533233 | AY100: 99.584424 | AZ100: 99.594446 | BA100: 99.625105 | BB100: 99.672437 | BC100: 99.781851 | BD100: 99.784428 | BE100: 99.895145 | BF100: 99.898738 | BG100: 99.917207 | BH100: 99.441256 | BI100: 99.87494 | BJ100: 99.959722 | BK100: 99.962651 | BL100: 99.94961 | BM100: 99.968306 | BN100: 99.979891 | BO100: 99.979808 | BP100: 99.988405
A101: Hong Kong SAR, China | B101: HKG | C101: Access to electricity (% of population) | D101: EG.ELC.ACCS.ZS | AI101: 100 | AJ101: 100 | AK101: 100 | AL101: 100 | AM101: 100 | AN101: 100 | AO101: 100 | AP101: 100 | AQ101: 100 | AR101: 100 | AS101: 100 | AT101: 100 | AU101: 100 | AV101: 100 | AW101: 100 | AX101: 100 | AY101: 100 | AZ101: 100 | BA101: 100 | BB101: 100 | BC101: 100 | BD101: 100 | BE101: 100 | BF101: 100 | BG101: 100 | BH101: 100 | BI101: 100 | BJ101: 100 | BK101: 100 | BL101: 100 | BM101: 100 | BN101: 100 | BO101: 100 | BP101: 100
...
